URL,Lokasi,Harga,Luas Bangunan,Luas Tanah,Kamar Tidur,Kamar Mandi,Garasi,Jumlah Lantai
https://www.rumah123.com/properti/jakarta-selatan/hos15076563/
https://www.rumah123.com/properti/jakarta-pusat/hos18162400/
https://www.rumah123.com/properti/jakarta-barat/hos39114522/
https://www.rumah123.com/properti/jakarta-utara/hos38874551/
https://www.rumah123.com/properti/jakarta-selatan/hos19302452/
https://www.rumah123.com/properti/jakarta-timur/hos39114539/
https://www.rumah123.com/properti/jakarta-barat/hos38831674/
https://www.rumah123.com/properti/jakarta-barat/hos15771011/
https://www.rumah123.com/properti/jakarta-selatan/hos16045840/
https://www.rumah123.com/properti/jakarta-barat/hos38847747/
https://www.rumah123.com/properti/jakarta-barat/hos18845338/
https://www.rumah123.com/properti/jakarta-barat/hos17513425/
https://www.rumah123.com/properti/jakarta-selatan/hos39114375/
https://www.rumah123.com/properti/jakarta-utara/hos39114520/
https://www.rumah123.com/properti/jakarta-utara/hos39114519/
https://www.rumah123.com/properti/jakarta-selatan/hos17382889/
https://www.rumah123.com/properti/jakarta-selatan/hos13206495/
https://www.rumah123.com/properti/jakarta-barat/hos18190235/
https://www.rumah123.com/properti/jakarta-barat/hos38823798/
https://www.rumah123.com/properti/jakarta-barat/hos18476058/
https://www.rumah123.com/properti/jakarta-barat/hos38938716/
https://www.rumah123.com/properti/jakarta-barat/hos16935068/
https://www.rumah123.com/properti/jakarta-barat/hos15668583/
https://www.rumah123.com/properti/jakarta-timur/hos39114498/
https://www.rumah123.com/properti/jakarta-timur/hos39114491/
https://www.rumah123.com/properti/jakarta-barat/hos19288235/
https://www.rumah123.com/properti/jakarta-barat/hos38978152/
https://www.rumah123.com/properti/jakarta-barat/hos18475822/
https://www.rumah123.com/properti/jakarta-selatan/hos38903523/
https://www.rumah123.com/properti/jakarta-barat/hos7536394/
https://www.rumah123.com/properti/jakarta-timur/hos39104361/
https://www.rumah123.com/properti/jakarta-barat/hos16384643/
https://www.rumah123.com/properti/jakarta-barat/hos39114464/
https://www.rumah123.com/properti/jakarta-barat/hos39046321/
https://www.rumah123.com/properti/jakarta-selatan/hos38918056/
https://www.rumah123.com/properti/jakarta-utara/hos19571718/
https://www.rumah123.com/properti/jakarta-barat/hos19407471/
https://www.rumah123.com/properti/jakarta-barat/hos18231859/
https://www.rumah123.com/properti/jakarta-barat/hos39114448/
https://www.rumah123.com/properti/jakarta-barat/hos39016347/
https://www.rumah123.com/properti/jakarta-selatan/hos17717704/
https://www.rumah123.com/properti/jakarta-pusat/hos39114435/
https://www.rumah123.com/properti/jakarta-selatan/hos39114430/
https://www.rumah123.com/properti/jakarta-selatan/hos18304812/
https://www.rumah123.com/properti/jakarta-barat/hos39114427/
https://www.rumah123.com/properti/jakarta-selatan/hos18945031/
https://www.rumah123.com/properti/jakarta-barat/hos12492183/
https://www.rumah123.com/properti/jakarta-utara/hos39114411/
https://www.rumah123.com/properti/jakarta-timur/hos39114416/
https://www.rumah123.com/properti/jakarta-selatan/hos17869791/
https://www.rumah123.com/properti/jakarta-selatan/hos19588230/
https://www.rumah123.com/properti/jakarta-selatan/hos13991268/
https://www.rumah123.com/properti/jakarta-selatan/hos39114399/
https://www.rumah123.com/properti/jakarta-pusat/hos39114396/
https://www.rumah123.com/properti/jakarta-barat/hos17912890/
https://www.rumah123.com/properti/jakarta-timur/hos39114369/
https://www.rumah123.com/properti/jakarta-selatan/hos18303341/
https://www.rumah123.com/properti/jakarta-selatan/hos19204687/
https://www.rumah123.com/properti/jakarta-selatan/hos15063885/
https://www.rumah123.com/properti/jakarta-selatan/hos15815246/
https://www.rumah123.com/properti/jakarta-selatan/hos39073949/
https://www.rumah123.com/properti/jakarta-utara/hos39114351/
https://www.rumah123.com/properti/jakarta-barat/hos39114343/
https://www.rumah123.com/properti/jakarta-selatan/hos39114192/
https://www.rumah123.com/properti/jakarta-timur/hos39114339/
https://www.rumah123.com/properti/jakarta-timur/hos39114315/
https://www.rumah123.com/properti/jakarta-selatan/hos19569200/
https://www.rumah123.com/properti/jakarta-timur/hos18729067/
https://www.rumah123.com/properti/jakarta-selatan/hos18677428/
https://www.rumah123.com/properti/jakarta-timur/hos39114323/
https://www.rumah123.com/properti/jakarta-barat/hos19318107/
https://www.rumah123.com/properti/jakarta-selatan/hos13818764/
https://www.rumah123.com/properti/jakarta-timur/hos39048166/
https://www.rumah123.com/properti/jakarta-pusat/hos39114303/
https://www.rumah123.com/properti/jakarta-barat/hos19138594/
https://www.rumah123.com/properti/jakarta-utara/hos39114188/
https://www.rumah123.com/properti/jakarta-timur/hos39114200/
https://www.rumah123.com/properti/jakarta-selatan/hos19489147/
https://www.rumah123.com/properti/jakarta-selatan/hos39070715/
