URL,Lokasi,Harga
https://www.properti123.com/properti-jual/13437-dijual-murah-rumah-hook-di-jln-tebet-timur-jakarta-selatan,"Kota Jakarta Selatan, Dki Jakarta",Rp 3.1 Milliar
https://www.properti123.com/properti-jual/13426-dijual-murah-rumah-cluster-raisan-residence-jagakarsa-jakarta-selatan,"Kota Jakarta Selatan, Dki Jakarta",Rp 2.75 Milliar
https://www.properti123.com/properti-jual/13424-dijual-cepat-rumah-murah-di-perumahan-jatinegara-baru-jakarta-timur,"Kota Jakarta Timur, Dki Jakarta",Rp 3 Milliar
https://www.properti123.com/properti-jual/13420-dijual-murah-rumah-non-cluster-di-srengseng-sawah-jagakarsa-jakarta-selatan,"Kota Jakarta Selatan, Dki Jakarta",Rp 1.55 Milliar
https://www.properti123.com/properti-jual/13419-dijual-murah-rumah-kost-2-lantai-strategis-dan-bebas-banjir-di-pusat-ibukota-jakarta,"Kota Jakarta Pusat, Dki Jakarta",Rp 800 Juta
https://www.properti123.com/properti-jual/13401-dijual-cepat-ruko-murah-di-perkantoran-buncit-mas-jakarta-selatan,"Kota Jakarta Selatan, Dki Jakarta",Rp 4.5 Milliar
https://www.properti123.com/properti-jual/13400-dijual-rumah-cluster-mewah-di-jln-timbul-jagakarsa-jakarta-selatan,"Kota Jakarta Selatan, Dki Jakarta",Rp 4.95 Milliar
https://www.properti123.com/properti-jual/13399-rumah-cluster-di-kahfi-1-jagakarsa-jakarta-selatan,"Kota Jakarta Selatan, Dki Jakarta",Rp 1.15 Milliar
https://www.properti123.com/properti-jual/13398-dijual-murah-rumah-cluster-kebagusan-4-residence-jakarta-selatan,"Kota Jakarta Selatan, Dki Jakarta",Rp 1.76 Milliar
https://www.properti123.com/properti-jual/13397-dijual-disewa-rumah-di-pejaten-barat-deket-ampera-dan-kemang-timur-jakarta-selatan,"Kota Jakarta Selatan, Dki Jakarta",Rp 12.5 Milliar
https://www.properti123.com/properti-jual/13395-dijual-murah-rumah-non-cluster-di-kahfi-2-jagakarsa-jakarta-selatan,"Kota Jakarta Selatan, Dki Jakarta",Rp 925 Juta
https://www.properti123.com/properti-jual/13392-dijual-murah-rumah-cluster-jamboo-hills-jagakarsa-jakarta-selatan,"Kota Jakarta Selatan, Dki Jakarta",Rp 1.3 Milliar
https://www.properti123.com/properti-jual/13391-dijual-cepat-rumah-murah-di-perumahan-jatinegara-baru-jakarta-timur,"Kota Jakarta Timur, Dki Jakarta",Rp 3 Milliar
https://www.properti123.com/properti-jual/13387-dijual-rumah-mewah-ragunan-cilandak-pasar-minggu-jakarta-selatan,"Kota Jakarta Selatan, Dki Jakarta",Rp 15 Milliar
https://www.properti123.com/properti-jual/13386-dijual-rumah-mewah-dengan-kolam-renang-di-kebagusan-jakarta-selatan,"Kota Jakarta Selatan, Dki Jakarta",Rp 2.5 Milliar
https://www.properti123.com/properti-jual/13385-dijual-rumah-cluster-mewah-di-cilandak-kko-jakarta-selatan,"Kota Jakarta Selatan, Dki Jakarta",Rp 3.45 Milliar
https://www.properti123.com/properti-jual/13382-dijual-termurah-rumah-non-cluster-di-srengseng-sawah-jagakarsa-jakarta-selatan,"Kota Jakarta Selatan, Dki Jakarta",Rp 1.6 Milliar
https://www.properti123.com/properti-jual/13379-dijual-murah-rumah-semi-cluster-di-kebagusan-jakarta-selatan,"Kota Jakarta Selatan, Dki Jakarta",Rp 1.75 Milliar
https://www.properti123.com/properti-jual/13378-dijual-murah-rumah-cluster-jamboo-hills-jagakarsa-jakarta-selatan,"Kota Jakarta Selatan, Dki Jakarta",Rp 1.3 Milliar
https://www.properti123.com/properti-jual/13377-dijual-disewa-rumah-di-pejaten-barat-deket-ampera-dan-kemang-timur-jakarta-selatan,"Kota Jakarta Selatan, Dki Jakarta",Rp 12.5 Milliar
https://www.properti123.com/properti-jual/13371-dijual-murah-rumah-non-cluster-di-kahfi-2-jagakarsa-jakarta-selatan,"Kota Jakarta Selatan, Dki Jakarta",Rp 925 Juta
https://www.properti123.com/properti-jual/13366-dijual-murah-rumah-cluster-samana-residence-jagakarsa-jakarta-selatan,"Kota Jakarta Selatan, Dki Jakarta",Rp 2.3 Milliar
https://www.properti123.com/properti-jual/13365-dijual-murah-rumah-cluster-di-cipedak-jagakarsa-jakarta-selatan,"Kota Jakarta Selatan, Dki Jakarta",Rp 795 Juta
https://www.properti123.com/properti-jual/13364-dijual-rumah-non-cluster-di-cipedak-jagakarsa-jakarta-selatan,"Kota Jakarta Selatan, Dki Jakarta",Rp 675 Juta
https://www.properti123.com/properti-jual/13334-dijual-rumah-ada-kolam-renang-di-komplek-dpr-jln-benda-jagakarsa-jakarta-selatan,"Kota Jakarta Selatan, Dki Jakarta",Rp 5.5 Milliar
https://www.properti123.com/properti-jual/13333-dijual-murah-rumah-di-bawah-harga-pasar-di-jln-sman-75-semper-barat-jakarta-utara,"Kota Jakarta Utara, Dki Jakarta",Rp 2.5 Milliar
https://www.properti123.com/properti-jual/13332-dijual-murah-rumah-baru-di-jln-kelinci-kahfi-1-jagakarsa-jakarta-selatan,"Kota Jakarta Selatan, Dki Jakarta",Rp 1.45 Milliar
https://www.properti123.com/properti-jual/13181-dijual-murah-rumah-non-cluster-di-srengseng-sawah-jagakarsa-jakarta-selatan,"Kota Jakarta Selatan, Dki Jakarta",Rp 1.55 Milliar
https://www.properti123.com/properti-jual/13175-dijual-rumah-termurah-di-jln-tebet-barat-jakarta-selatan,"Kota Jakarta Selatan, Dki Jakarta",Rp 2.5 Milliar
https://www.properti123.com/properti-jual/13171-dijual-murah-rumah-mewah-bangunan-baru-di-kebagusan-jakarta-selatan,"Kota Jakarta Selatan, Dki Jakarta",Rp 3.6 Milliar
https://www.properti123.com/properti-jual/13167-dijual-rumah-mewah-ada-kolam-renang-di-komplek-kesehatan-pesanggrahan-jakarta-selatan,"Kota Jakarta Selatan, Dki Jakarta",Rp 13.8 Milliar
https://www.properti123.com/properti-jual/13155-new-garden-townhouse-at-jagakarsa-jakarta-selatan,"Kota Jakarta Selatan, Dki Jakarta",Rp 2.6 Milliar
https://www.properti123.com/properti-jual/13151-dijual-murah-rumah-non-cluster-di-jagakarsa-jakarta-selatan,"Kota Jakarta Selatan, Dki Jakarta",Rp 1.2 Milliar
https://www.properti123.com/properti-jual/13145-dijual-murah-rumah-cluster-aselih-jagakarsa-jakarta-selatan,"Kota Jakarta Selatan, Dki Jakarta",Rp 1.56 Milliar
https://www.properti123.com/properti-jual/13141-dijual-rumah-mewah-ada-kolam-renang-di-komplek-kesehatan-pesanggrahan-jakarta-selatan,"Kota Jakarta Selatan, Dki Jakarta",Rp 13.8 Milliar
https://www.properti123.com/properti-jual/13129-dijual-murah-rumah-mewah-di-jln-jatipadang-pasar-minggu-jakarta-selatan,"Kota Jakarta Selatan, Dki Jakarta",Rp 3.9 Milliar
https://www.properti123.com/properti-jual/13125-dijual-murah-rumah-cluster-samana-residence-jagakarsa-jakarta-selatan,"Kota Jakarta Selatan, Dki Jakarta",Rp 2.3 Milliar
https://www.properti123.com/properti-jual/13119-termurah-rumah-non-cluster-di-srengseng-sawah-jagakarsa-jakarta-selatan,"Kota Jakarta Selatan, Dki Jakarta",Rp 1.6 Milliar
https://www.properti123.com/properti-jual/13118-dijual-rumah-non-cluster-di-jln-timbul-jagakarsa-jakarta-selatan,"Kota Jakarta Selatan, Dki Jakarta",Rp 950 Juta
https://www.properti123.com/properti-jual/13116-dijual-termurah-rumah-di-jln-sawo-kahfi-1-jagakarsa-jakarta-selatan,"Kota Jakarta Selatan, Dki Jakarta",Rp 1.7 Milliar
https://www.properti123.com/properti-jual/13109-dijual-rumah-baru-non-cluster-di-jln-sirsak-jagakarsa-jakarta-selatan,"Kota Jakarta Selatan, Dki Jakarta",Rp 1.5 Milliar
https://www.properti123.com/properti-jual/13097-rumah-cluster-jayanti-residence-di-tanjung-barat-jagakarsa-jakarta-selatan,"Kota Jakarta Selatan, Dki Jakarta",Rp 1.28 Milliar
https://www.properti123.com/properti-jual/13096-dijual-rumah-termurah-di-jln-tebet-barat-jakarta-selatan,"Kota Jakarta Selatan, Dki Jakarta",Rp 2.5 Milliar
https://www.properti123.com/properti-jual/13089-dijual-murah-rumah-cluster-samana-residence-jagakarsa-jakarta-selatan,"Kota Jakarta Selatan, Dki Jakarta",Rp 2.3 Milliar
https://www.properti123.com/properti-jual/13087-dijual-rumah-termurah-di-jln-tebet-barat-jakarta-selatan,"Kota Jakarta Selatan, Dki Jakarta",Rp 2.5 Milliar
https://www.properti123.com/properti-jual/13085-dijual-murah-rumah-cluster-samana-residence-jagakarsa-jakarta-selatan,"Kota Jakarta Selatan, Dki Jakarta",Rp 2.3 Milliar
https://www.properti123.com/properti-jual/13082-dijual-murah-rumah-cluster-di-jln-pepaya-jagakarsa-jakarta-selatan,"Kota Jakarta Selatan, Dki Jakarta",Rp 1.5 Milliar
https://www.properti123.com/properti-jual/12990-rumah-minimalis-di-bekasi-tanpa-dp-cicilan-1-6jtan-dekat-dengan-jakarta,"Kabupaten Bekasi, Jawa Barat",Rp 370 Juta
https://www.properti123.com/properti-jual/12988-dijual-rumah-cluster-jayanti-residence-di-tanjung-barat-jagakarsa-jakarta-selatan,"Kota Jakarta Selatan, Dki Jakarta",Rp 1.28 Milliar
https://www.properti123.com/properti-jual/12987-dijual-murah-rumah-cluster-di-kav-dki-jagakarsa-jakarta-selatan,"Kota Jakarta Selatan, Dki Jakarta",Rp 1.65 Milliar
https://www.properti123.com/properti-jual/12986-dijual-di-bawah-njop-rumah-di-komplek-liga-mas-indah-pancoran-jakarta-selatan,"Kota Jakarta Selatan, Dki Jakarta",Rp 25 Milliar
https://www.properti123.com/properti-jual/12980-dijual-murah-rumah-kost-di-guntur-setiabudi-jakarta-selatan,"Kota Jakarta Selatan, Dki Jakarta",Rp 9 Milliar
https://www.properti123.com/properti-jual/12979-dijual-murah-rumah-cluster-di-jln-raya-kahfi-2-jagakarsa-jakarta-selatan,"Kota Jakarta Selatan, Dki Jakarta",Rp 1.5 Milliar
https://www.properti123.com/properti-jual/12978-dijual-termurah-rumah-non-cluster-di-kahfi-1-jagakarsa-jakarta-selatan,"Kota Jakarta Selatan, Dki Jakarta",Rp 2.2 Milliar
https://www.properti123.com/properti-jual/12977-dijual-rumah-scandinavian-di-jln-bumiputera-cipinang-rawamangun-jakarta-timur,"Kota Jakarta Timur, Dki Jakarta",Rp 2.6 Milliar
https://www.properti123.com/properti-jual/12976-dijual-rumah-cluster-dejoe-mansion-hill-jagakarsa-jakarta-selatan,"Kota Jakarta Selatan, Dki Jakarta",Rp 1.8 Milliar
https://www.properti123.com/properti-jual/12967-jual-rumah-minimalis-di-bekasi-tanpa-dp-cicilan-1jtan-dekat-dengan-jakarta,"Kabupaten Bekasi, Jawa Barat",Rp 345 Juta
https://www.properti123.com/properti-jual/12964-dijual-rumah-full-furnished-cluster-mahakam-residence-jagakarsa-jakarta-selatan,"Kota Jakarta Selatan, Dki Jakarta",Rp 1.85 Milliar
https://www.properti123.com/properti-jual/12962-dijual-rumah-scandinavian-di-jln-bumiputera-cipinang-rawamangun-jakarta-timur,"Kota Jakarta Timur, Dki Jakarta",Rp 2.6 Milliar
https://www.properti123.com/properti-jual/12959-dijual-rumah-full-furnished-cluster-mahakam-residence-jagakarsa-jakarta-selatan,"Kota Jakarta Selatan, Dki Jakarta",Rp 1.85 Milliar
https://www.properti123.com/properti-jual/12958-dijual-rumah-mewah-cluster-pejaten-pasar-minggu-jakarta-selatan,"Kota Jakarta Selatan, Dki Jakarta",Rp 3.15 Milliar
https://www.properti123.com/properti-jual/12952-dijual-rumah-di-jln-pinang-barat-1-pondok-labu-cilandak-jakarta-selatan,"Kota Jakarta Selatan, Dki Jakarta",Rp 2.8 Milliar
https://www.properti123.com/properti-jual/12950-dijual-rumah-di-jl-pulo-indah-petukangan-selatan-jakarta-selatan,"Kota Jakarta Selatan, Dki Jakarta",Rp 2.2 Milliar
https://www.properti123.com/properti-jual/12949-dijual-rumah-baru-minimalis-di-jln-tebet-utara-jakarta-selatan,"Kota Jakarta Selatan, Dki Jakarta",Rp 1.5 Milliar
https://www.properti123.com/properti-jual/12947-dijual-murah-rumah-di-jln-cendrawasih-pesanggrahan-kebayoran-lama-jakarta-selatan,"Kota Jakarta Selatan, Dki Jakarta",Rp 4.25 Milliar
https://www.properti123.com/properti-jual/12945-dijual-murah-rumah-di-jln-kebon-baru-asem-baris-tebet-jakarta-selatan,"Kota Jakarta Selatan, Dki Jakarta",Rp 2.6 Milliar
https://www.properti123.com/properti-jual/12944-dijual-rumah-scandinavian-di-jln-bumiputera-cipinang-rawamangun-jakarta-timur,"Kota Jakarta Timur, Dki Jakarta",Rp 2.6 Milliar
https://www.properti123.com/properti-jual/12942-dijual-rumah-mewah-ada-rooftop-di-komplek-kav-dki-jagakarsa-jakarta-selatan,"Kota Jakarta Selatan, Dki Jakarta",Rp 2.2 Milliar
https://www.properti123.com/properti-jual/12938-cluster-jayanti-residence-kav-f-di-tanjung-barat,"Kota Jakarta Selatan, Dki Jakarta",Rp 1.28 Milliar
https://www.properti123.com/properti-jual/12935-dijual-murah-rumah-mewah-di-jln-jatipadang-pasar-minggu-jakarta-selatan,"Kota Jakarta Selatan, Dki Jakarta",Rp 3.9 Milliar
https://www.properti123.com/properti-jual/12932-dijual-murah-rumah-bangunan-2-lantai-taman-grisenda-pik,"Kota Jakarta Utara, Dki Jakarta",Rp 4.9 Milliar
https://www.properti123.com/properti-jual/12930-dijual-rumah-mewah-cluster-pejaten-pasar-minggu-jakarta-selatan,"Kota Jakarta Selatan, Dki Jakarta",Rp 2.15 Milliar
https://www.properti123.com/properti-jual/12926-dijual-rumah-cluster-jayanti-residence-di-tanjung-barat-jagakarsa-jakarta-selatan,"Kota Jakarta Selatan, Dki Jakarta",Rp 1.48 Milliar
https://www.properti123.com/properti-jual/12923-dijual-rumah-di-jln-pinang-barat-1-pondok-labu-cilandak-jakarta-selatan,"Kota Jakarta Selatan, Dki Jakarta",Rp 2.8 Milliar
https://www.properti123.com/properti-jual/12919-dijual-rumah-di-jl-pulo-indah-petukangan-selatan-jakarta-selatan,"Kota Jakarta Selatan, Dki Jakarta",Rp 2.2 Milliar
https://www.properti123.com/properti-jual/12916-dijual-rumah-cluster-di-srengseng-sawah-jagakarsa-jakarta-selatan,"Kota Jakarta Selatan, Dki Jakarta",Rp 1.34 Milliar
https://www.properti123.com/properti-jual/12912-dijual-murah-rumah-cluster-dekat-transmart-cilandak-jakarta-selatan,"Kota Jakarta Selatan, Dki Jakarta",Rp 3.55 Milliar
https://www.properti123.com/properti-jual/12908-dijual-rumah-murah-cluster-scandi-house-9-di-jagakarsa-jakarta-selatan,"Kota Jakarta Selatan, Dki Jakarta",Rp 2.03 Milliar
https://www.properti123.com/properti-jual/12900-dijual-murah-rumah-mewah-di-jln-jatipadang-pasar-minggu-jakarta-selatan,"Kota Jakarta Selatan, Dki Jakarta",Rp 3.95 Milliar
https://www.properti123.com/properti-jual/12897-rumah-mewah-kav-a-di-jln-jatipadang-pasar-minggu,"Kota Jakarta Selatan, Dki Jakarta",Rp 3.9 Milliar
https://www.properti123.com/properti-jual/12896-dijual-rumah-cluster-di-srengseng-sawah-jagakarsa-jakarta-selatan,"Kota Jakarta Selatan, Dki Jakarta",Rp 1.14 Milliar
https://www.properti123.com/properti-jual/12893-dijual-murah-rumah-di-jln-cendrawasih-pesanggrahan-kebayoran-lama-jakarta-selatan,"Kota Jakarta Selatan, Dki Jakarta",Rp 4.25 Milliar
https://www.properti123.com/properti-jual/12892-dijual-rumah-murah-cluster-scandi-house-9-di-jagakarsa-jakarta-selatan,"Kota Jakarta Selatan, Dki Jakarta",Rp 1.85 Milliar
https://www.properti123.com/properti-jual/12891-dijual-murah-rumah-mewah-ada-kolam-renang-di-kebagusan-jakarta-selatan,"Kota Jakarta Selatan, Dki Jakarta",Rp 2.85 Milliar
https://www.properti123.com/properti-jual/12888-dijual-rumah-baru-minimalis-di-jln-tebet-utara-jakarta-selatan,"Kota Jakarta Selatan, Dki Jakarta",Rp 1.5 Milliar
https://www.properti123.com/properti-jual/12886-dijual-murah-rumah-di-jln-cendrawasih-pesanggrahan-kebayoran-lama-jakarta-selatan,"Kota Jakarta Selatan, Dki Jakarta",Rp 4.25 Milliar
https://www.properti123.com/properti-jual/12885-kenigayo-residence-cluster-exclusive-rumah-2-lantai-siap-huni,"Kota Jakarta Timur, Dki Jakarta",Rp 1.9 Milliar
https://www.properti123.com/properti-jual/12881-dijual-murah-rumah-cluster-di-warung-sila-jagakarsa-jakarta-selatan,"Kota Jakarta Selatan, Dki Jakarta",Rp 1.03 Milliar
https://www.properti123.com/properti-jual/12864-dijual-murah-rumah-mewah-di-jln-jatipadang-pasar-minggu-jakarta-selatan,"Kota Jakarta Selatan, Dki Jakarta",Rp 3.95 Milliar
https://www.properti123.com/properti-jual/12848-dijual-murah-rumah-cluster-tanjung-barat-jagakarsa-jakarta-selatan,"Kota Jakarta Selatan, Dki Jakarta",Rp 1.01 Milliar
https://www.properti123.com/properti-jual/12846-dijual-murah-rumah-cluster-modern-minimalis-cluster-di-kebagusan-jakarta-selatan,"Kota Jakarta Selatan, Dki Jakarta",Rp 1.75 Milliar
https://www.properti123.com/properti-jual/12841-dijual-murah-rumah-cluster-di-jln-taman-sari-lebak-bulus-cilandak-jakarta-selatan,"Kota Jakarta Selatan, Dki Jakarta",Rp 2.85 Milliar
https://www.properti123.com/properti-jual/12839-dijual-rumah-dalam-cluster-daerah-kramat-jati-jakarta-timur,"Kota Jakarta Timur, Dki Jakarta",Rp 2.99 Milliar
https://www.properti123.com/properti-jual/12836-,"Kota Jakarta Selatan, Dki Jakarta",Rp 1.85 Milliar
https://www.properti123.com/properti-jual/12827-dijual-murah-rumah-cluster-tanjung-barat-jagakarsa-jakarta-selatan,"Kota Jakarta Selatan, Dki Jakarta",Rp 1.01 Milliar
https://www.properti123.com/properti-jual/12823-dijual-murah-rumah-cluster-tanjung-barat-jagakarsa-jakarta-selatan,"Kota Jakarta Selatan, Dki Jakarta",Rp 1.01 Milliar
https://www.properti123.com/properti-jual/12817-dijual-murah-rumah-baru-di-kebagusan-dekat-ragunan-jakarta-selatan,"Kota Jakarta Selatan, Dki Jakarta",Rp 485 Juta
https://www.properti123.com/properti-jual/12816-dijual-rumah-classic-eropa-ada-kolam-renang-di-jln-kebagusan-jakarta-selatan,"Kota Jakarta Selatan, Dki Jakarta",Rp 2.85 Milliar
https://www.properti123.com/properti-jual/12809-dijual-rumah-classic-eropa-ada-kolam-renang-di-jln-kebagusan-jakarta-selatan,"Kota Jakarta Selatan, Dki Jakarta",Rp 2.85 Milliar
https://www.properti123.com/properti-jual/12808-dijual-murah-rumah-cluster-tanjung-barat-jagakarsa-jakarta-selatan,"Kota Jakarta Selatan, Dki Jakarta",Rp 1.08 Milliar
https://www.properti123.com/properti-jual/12801-dijual-murah-rumah-cluster-di-jln-taman-sari-lebak-bulus-cilandak-jakarta-selatan,"Kota Jakarta Selatan, Dki Jakarta",Rp 2.85 Milliar
https://www.properti123.com/properti-jual/12795-dijual-rumah-di-jln-walet-tipar-selatan-semper-jakarta-utara,"Kota Jakarta Utara, Dki Jakarta",Rp 1.1 Milliar
https://www.properti123.com/properti-jual/12792-dijual-murah-rumah-cluster-di-warung-sila-jagakarsa-jakarta-selatan,"Kota Jakarta Selatan, Dki Jakarta",Rp 925 Juta
https://www.properti123.com/properti-jual/12785-dijual-murah-rumah-baru-model-minimalis-di-tebet-timur-jakarta-selatan,"Kota Jakarta Selatan, Dki Jakarta",Rp 3.1 Milliar
https://www.properti123.com/properti-jual/12779-dijual-murah-rumah-baru-model-minimalis-di-tebet-timur-jakarta-selatan,"Kota Jakarta Selatan, Dki Jakarta",Rp 3.1 Milliar
https://www.properti123.com/properti-jual/12778-dijual-murah-rumah-baru-di-jln-tebet-barat-jakarta-selatan,"Kota Jakarta Selatan, Dki Jakarta",Rp 2.6 Milliar
https://www.properti123.com/properti-jual/12769-jl-dejoe-jagakarsa-jakarta-selatan,"Kota Jakarta Selatan, Dki Jakarta",Rp 1.8 Milliar
https://www.properti123.com/properti-jual/12766-dijual-murah-rumah-cluster-dekat-transmart-cilandak-jakarta-selatan,"Kota Jakarta Selatan, Dki Jakarta",Rp 3.55 Milliar
https://www.properti123.com/properti-jual/12765-dijual-murah-rumah-cluster-di-warung-sila-jagakarsa-jakarta-selatan,"Kota Jakarta Selatan, Dki Jakarta",Rp 1.03 Milliar
https://www.properti123.com/properti-jual/12762-dijual-murah-rumah-cluster-modern-minimalis-cluster-di-kebagusan-jakarta-selatan,"Kota Jakarta Selatan, Dki Jakarta",Rp 1.85 Milliar
https://www.properti123.com/properti-jual/12761-dijual-rumah-baru-non-cluster-di-jln-sirsak-jagakarsa-jakarta-selatan,"Kota Jakarta Selatan, Dki Jakarta",Rp 1.5 Milliar
https://www.properti123.com/properti-jual/12758-rumah-besar-3-lantai-di-cilandak-jakarta-selatan,"Kota Jakarta Selatan, Dki Jakarta",Rp 3.7 Milliar
https://www.properti123.com/properti-jual/12757-dijual-rumah-non-cluster-di-cipedak-jagakarsa-jakarta-selatan,"Kota Jakarta Selatan, Dki Jakarta",Rp 675 Juta
https://www.properti123.com/properti-jual/12755-rumah-di-bawah-harga-pasar-di-jln-sman-75-semper-barat-jakarta-utara,"Kota Jakarta Utara, Dki Jakarta",Rp 2.5 Milliar
https://www.properti123.com/properti-jual/12754-dijual-murah-rumah-cluster-dekat-transmart-cilandak-jakarta-selatan,"Kota Jakarta Selatan, Dki Jakarta",Rp 3.55 Milliar
https://www.properti123.com/properti-jual/12748-dijual-rumah-cluster-dejoe-mansion-hill-jagakarsa-jakarta-selatan,"Kota Jakarta Selatan, Dki Jakarta",Rp 1.8 Milliar
https://www.properti123.com/properti-jual/12745-rumah-di-bawah-harga-pasar-di-jln-sindang-koja-jakarta-utara,"Kota Jakarta Utara, Dki Jakarta",Rp 1.2 Milliar
https://www.properti123.com/properti-jual/12742-dijual-murah-rumah-cluster-dekat-transmart-cilandak-jakarta-selatan,"Kota Jakarta Selatan, Dki Jakarta",Rp 3.55 Milliar
https://www.properti123.com/properti-jual/12741-dijual-murah-rumah-cluster-dekat-transmart-cilandak-jakarta-selatan,"Kota Jakarta Selatan, Dki Jakarta",Rp 3.55 Milliar
https://www.properti123.com/properti-jual/12740-cluster-terbaru-di-dekat-tb-simatupang-jakarta-selatan,"Kota Jakarta Selatan, Dki Jakarta",Rp 2.35 Milliar
https://www.properti123.com/properti-jual/12732-dijual-murah-kost-full-terisi-di-area-tomang-grogol-jakarta-barat,"Kota Jakarta Barat, Dki Jakarta",Rp 4.9 Milliar
https://www.properti123.com/properti-jual/12730-rumah-siap-huni-bebas-banjir-di-taman-ratu-jakarta-barat,"Kota Jakarta Barat, Dki Jakarta",Rp 4.5 Milliar
https://www.properti123.com/properti-jual/12727-dijual-rumah-cluster-dejoe-mansion-hill-jagakarsa-jakarta-selatan,"Kota Jakarta Selatan, Dki Jakarta",Rp 2.35 Milliar
https://www.properti123.com/properti-jual/12719-dijual-murah-rumah-cluster-dekat-transmart-cilandak-jakarta-selatan,"Kota Jakarta Selatan, Dki Jakarta",Rp 3.55 Milliar
https://www.properti123.com/properti-jual/12714-dijual-murah-rumah-di-jln-cendrawasih-pesanggrahan-kebayoran-lama-jakarta-selatan,"Kota Jakarta Selatan, Dki Jakarta",Rp 4.25 Milliar
https://www.properti123.com/properti-jual/12696-dijual-murah-kost-full-terisi-di-area-tomang-grogol-jakarta-barat,"Kota Jakarta Barat, Dki Jakarta",Rp 4.9 Milliar
https://www.properti123.com/properti-jual/12671-dijual-murah-rumah-baru-di-jln-tebet-barat-jakarta-selatan,"Kota Jakarta Selatan, Dki Jakarta",Rp 2.6 Milliar
https://www.properti123.com/properti-jual/12670-dijual-murah-rumah-baru-model-minimalis-di-tebet-timur-jakarta-selatan,"Kota Jakarta Selatan, Dki Jakarta",Rp 3.1 Milliar
https://www.properti123.com/properti-jual/12669-turun-harga-rumah-lokasi-strategis-di-ciganjur-jagakarsa-jaksel,"Kota Jakarta Selatan, Dki Jakarta",Rp 796 Juta
https://www.properti123.com/properti-jual/12665-dijual-murah-rumah-non-cluster-di-kahfi-2-jagakarsa-jakarta-selatan,"Kota Jakarta Selatan, Dki Jakarta",Rp 925 Juta
https://www.properti123.com/properti-jual/12656-dijual-murah-rumah-di-bawah-harga-pasar-di-jln-sman-75-semper-barat-jakarta-utara,"Kota Jakarta Utara, Dki Jakarta",Rp 2.5 Milliar
https://www.properti123.com/properti-jual/12644-dijual-murah-rumah-di-bawah-harga-pasar-di-jln-sman-75-semper-barat-jakarta-utara,"Kota Jakarta Utara, Dki Jakarta",Rp 2.5 Milliar
https://www.properti123.com/properti-jual/12642-dijual-rumah-di-bawah-harga-pasar-di-jln-sindang-koja-jakarta-utara,"Kota Jakarta Utara, Dki Jakarta",Rp 1.2 Milliar
https://www.properti123.com/properti-jual/12612-rumah-di-jln-cendrawasih-pesanggrahan-kebayoran-lama-jakarta-selatan,"Kota Jakarta Selatan, Dki Jakarta",Rp 4.25 Milliar
https://www.properti123.com/properti-sewa/12610-rumah-di-pejaten-barat-deket-ampera-dan-kemang-timur-jakarta-selatan,"Kota Jakarta Selatan, Dki Jakarta",Rp 300 Juta
https://www.properti123.com/properti-jual/12607-dijual-murah-rumah-di-jln-cendrawasih-pesanggrahan-kebayoran-lama-jakarta-selatan,"Kota Jakarta Selatan, Dki Jakarta",Rp 4.25 Milliar
https://www.properti123.com/properti-jual/12584-rumah-baru-mewah-dekat-pejaten-village-mall-jakarta-selatan,"Kota Jakarta Selatan, Dki Jakarta",Rp 8.7 Milliar
https://www.properti123.com/properti-jual/12581-dijual-disewa-rumah-di-pejaten-barat-deket-ampera-dan-kemang-timur-jakarta-selatan,"Kota Jakarta Selatan, Dki Jakarta",Rp 12.5 Milliar
https://www.properti123.com/properti-jual/12577-dijual-murah-rumah-semi-cluster-di-kebagusan-jakarta-selatan,"Kota Jakarta Selatan, Dki Jakarta",Rp 1.83 Milliar
https://www.properti123.com/properti-jual/12576-dijual-rumah-baru-non-cluster-di-kahfi-2-jagakarsa-jakarta-selatan,"Kota Jakarta Selatan, Dki Jakarta",Rp 1.25 Milliar
https://www.properti123.com/properti-jual/12575-dijual-rumah-non-cluster-di-jln-perikanan-kahfi-2-jagakarsa-jakarta-selatan,"Kota Jakarta Selatan, Dki Jakarta",Rp 1.25 Milliar
https://www.properti123.com/properti-jual/12558-dijual-murah-rumah-semi-cluster-di-kebagusan-jakarta-selatan,"Kota Jakarta Selatan, Dki Jakarta",Rp 1.83 Milliar
https://www.properti123.com/properti-jual/12557-dijual-murah-rumah-non-cluster-di-kahfi-2-jagakarsa-jakarta-selatan,"Kota Jakarta Selatan, Dki Jakarta",Rp 925 Juta
https://www.properti123.com/properti-jual/12548-dijual-rumah-non-cluster-di-jln-perikanan-kahfi-2-jagakarsa-jakarta-selatan,"Kota Jakarta Selatan, Dki Jakarta",Rp 1.25 Milliar
https://www.properti123.com/properti-jual/12520-jual-rumah-lubang-buaya-pinggir-jalan,"Kota Jakarta Timur, Dki Jakarta",Rp 3.78 Milliar
https://www.properti123.com/properti-jual/12518-dijual-termurah-rumah-non-cluster-di-jagakarsa-jakarta-selatan,"Kota Jakarta Selatan, Dki Jakarta",Rp 900 Juta
https://www.properti123.com/properti-jual/12517-dijual-rumah-baru-non-cluster-di-kahfi-2-jagakarsa-jakarta-selatan,"Kota Jakarta Selatan, Dki Jakarta",Rp 1.25 Milliar
https://www.properti123.com/properti-jual/12510-dijual-murah-rumah-non-cluster-di-kahfi-2-jagakarsa-jakarta-selatan,"Kota Jakarta Selatan, Dki Jakarta",Rp 925 Juta
https://www.properti123.com/properti-jual/12509-dijual-rumah-di-pejaten-barat-deket-ampera-dan-kemang-timur-jakarta-selatan,"Kota Jakarta Selatan, Dki Jakarta",Rp 12.5 Milliar
https://www.properti123.com/properti-sewa/12507-disewa-rumah-di-pejaten-barat-deket-ampera-dan-kemang-timur-jakarta-selatan,"Kota Jakarta Selatan, Dki Jakarta",Rp 300 Juta
https://www.properti123.com/properti-jual/12504-dijual-murah-rumah-cluster-di-kahfi-2-jagakarsa-jakarta-selatan,"Kota Jakarta Selatan, Dki Jakarta",Rp 496 Juta
https://www.properti123.com/properti-jual/12495-rumah-baru-nyaman-dekat-tb-simatupang-jakarta-selatan,"Kota Jakarta Selatan, Dki Jakarta",Rp 2.5 Milliar
https://www.properti123.com/properti-jual/12491-dijual-rumah-di-pejaten-barat-deket-ampera-dan-kemang-timur-jakarta-selatan,"Kota Jakarta Selatan, Dki Jakarta",Rp 12.5 Milliar
https://www.properti123.com/properti-jual/12488-rumah-murah-semi-cluster-di-kebagusan-jakarta-selatan,"Kota Jakarta Selatan, Dki Jakarta",Rp 1.75 Milliar
https://www.properti123.com/properti-jual/12481-rumah-second-posisi-hook-di-pondok-kelapa-jaktim,"Kota Jakarta Timur, Dki Jakarta",Rp 6.5 Milliar
https://www.properti123.com/properti-jual/12462-dijual-rumah-baru-non-cluster-di-kahfi-2-jagakarsa-jakarta-selatan,"Kota Jakarta Selatan, Dki Jakarta",Rp 1.25 Milliar
https://www.properti123.com/properti-jual/12461-rumah-mewah-lingkungan-aman-dekat-cilandak-town-square-jakarta-selatan,"Kota Jakarta Selatan, Dki Jakarta",Rp 4.28 Milliar
https://www.properti123.com/properti-jual/12452-dijual-murah-rumah-cluster-di-kahfi-2-jagakarsa-jakarta-selatan,"Kota Jakarta Selatan, Dki Jakarta",Rp 496 Juta
https://www.properti123.com/properti-jual/12453-rumah-baru-akses-tol-kukusan-tol-andara-di-jakarsa-jakarta-selatan,"Kota Jakarta Selatan, Dki Jakarta",Rp 2.6 Milliar
https://www.properti123.com/properti-jual/12451-dijual-rumah-non-cluster-di-jln-kahfi-1-jagakarsa-jakarta-selatan,"Kota Jakarta Selatan, Dki Jakarta",Rp 800 Juta
https://www.properti123.com/properti-jual/12450-dijual-murah-rumah-semi-cluster-di-kebagusan-jakarta-selatan,"Kota Jakarta Selatan, Dki Jakarta",Rp 1.83 Milliar
https://www.properti123.com/properti-jual/12448-dijual-rumah-baru-non-cluster-di-kahfi-2-jagakarsa-jakarta-selatan,"Kota Jakarta Selatan, Dki Jakarta",Rp 1.25 Milliar
https://www.properti123.com/properti-sewa/12447-disewakan-rumah-tinggal-di-bend-hilir-jakarta-pusat,"Kota Jakarta Pusat, Dki Jakarta",Rp 13.33 Juta
https://www.properti123.com/properti-jual/12432-dijual-rumah-mewah-dengan-kolam-renang-ada-rooftop-di-kebagusan-jakarta-selatan,"Kota Jakarta Selatan, Dki Jakarta",Rp 4.15 Milliar
https://www.properti123.com/properti-jual/12429-dijual-rumah-cluster-mewah-di-jln-sadar-raya-jagakarsa-jakarta-selatan,"Kota Jakarta Selatan, Dki Jakarta",Rp 2.35 Milliar
https://www.properti123.com/properti-jual/12425-dijual-rumah-baru-non-cluster-di-kahfi-2-jagakarsa-jakarta-selatan,"Kota Jakarta Selatan, Dki Jakarta",Rp 1.25 Milliar
https://www.properti123.com/properti-jual/12422-dijual-rumah-cluster-jln-durian-barat-by-permata-residence-jagakarsa-jakarta-selatan,"Kota Jakarta Selatan, Dki Jakarta",Rp 1.15 Milliar
https://www.properti123.com/properti-jual/12420-dijual-rumah-non-cluster-di-jln-perikanan-kahfi-2-jagakarsa-jakarta-selatan,"Kota Jakarta Selatan, Dki Jakarta",Rp 1.25 Milliar
https://www.properti123.com/properti-jual/12417-rumah-baru-di-jagakarsa-jakarta-selatan-dekat-mall-aeon-tanjung-barat,"Kota Jakarta Selatan, Dki Jakarta",Rp 1.33 Milliar
https://www.properti123.com/properti-jual/12413-dijual-murah-rumah-semi-cluster-di-kebagusan-jakarta-selatan,"Kota Jakarta Selatan, Dki Jakarta",Rp 1.83 Milliar
https://www.properti123.com/properti-jual/12411-dijual-murah-rumah-dekat-stasiun-cawang-tebet-timur-jakarta-selatan,"Kota Jakarta Selatan, Dki Jakarta",Rp 3.1 Milliar
https://www.properti123.com/properti-jual/12407-dijual-rumah-ada-rooftop-di-jln-tebet-timur-jakarta-selatan,"Kota Jakarta Selatan, Dki Jakarta",Rp 2.95 Milliar
https://www.properti123.com/properti-jual/12399-dijual-murah-rumah-di-jln-kebon-baru-asem-baris-tebet-jakarta-selatan,"Kota Jakarta Selatan, Dki Jakarta",Rp 2.6 Milliar
https://www.properti123.com/properti-jual/12398-dijual-rumah-baru-minimalis-di-jln-tebet-utara-jakarta-selatan,"Kota Jakarta Selatan, Dki Jakarta",Rp 1.5 Milliar
https://www.properti123.com/properti-jual/12390-rumah-baru-keluarga-di-lenteng-agung-jakarta-selatan,"Kota Jakarta Selatan, Dki Jakarta",Rp 1.48 Milliar
https://www.properti123.com/properti-jual/12389-dijual-rumah-besar-cocok-utk-tempat-kost-atau-mini-hotel-di-daerah-kemang-mampang-prapatan-bebas-banjir,"Kota Jakarta Barat, Dki Jakarta",Rp 29 Milliar
https://www.properti123.com/properti-jual/12387-dijual-rumah-mewah-dengan-kolam-renang-di-kebagusan-jakarta-selatan,"Kota Jakarta Selatan, Dki Jakarta",Rp 2.5 Milliar
https://www.properti123.com/properti-jual/12383-dijual-rumah-cluster-mewah-di-jln-timbul-jagakarsa-jakarta-selatan,"Kota Jakarta Selatan, Dki Jakarta",Rp 4.95 Milliar
https://www.properti123.com/properti-jual/12381-dijual-rumah-cluster-di-jln-warung-sila-raya-jagakarsa-jakarta-selatan,"Kota Jakarta Selatan, Dki Jakarta",Rp 1.8 Milliar
https://www.properti123.com/properti-jual/12368-rumah-mewah-bebas-banjir-lingkungan-elit-di-kemang-jakarta-selatan,"Kota Jakarta Selatan, Dki Jakarta",Rp 11 Milliar
https://www.properti123.com/properti-jual/12362-jual-rumah-murah-di-jakarta-timur-pinang-ranti-taman-mini-di-perumahan-cantik-permai-residence,"Kota Jakarta Timur, Dki Jakarta",Rp 1.7 Milliar
https://www.properti123.com/properti-jual/12358-dijual-rumah-cluster-di-jln-warung-sila-raya-jagakarsa-jakarta-selatan,"Kota Jakarta Selatan, Dki Jakarta",Rp 1.8 Milliar
https://www.properti123.com/properti-jual/12355-dijual-murah-rumah-cluster-kebagusan-4-residence-jakarta-selatan,"Kota Jakarta Selatan, Dki Jakarta",Rp 1.76 Milliar
https://www.properti123.com/properti-jual/12354-rumah-baru-nyaman-5-menit-ke-perkantoran-pancoran-jakarta-selatan,"Kota Jakarta Selatan, Dki Jakarta",Rp 3.55 Milliar
https://www.properti123.com/properti-jual/12351-dijual-termurah-rumah-cluster-dekat-aeon-mall-tanjung-barat-jakarta-selatan,"Kota Jakarta Selatan, Dki Jakarta",Rp 1.25 Milliar
https://www.properti123.com/properti-jual/12343-dijual-rumah-non-cluster-di-kahfi-2-jagakarsa-jakarta-selatan,"Kota Jakarta Selatan, Dki Jakarta",Rp 1.7 Milliar
https://www.properti123.com/properti-jual/12334-rumah-siap-huni-harga-terjangkau-di-tanjung-duren-jakarta-barat,"Kota Jakarta Barat, Dki Jakarta",Rp 1.65 Milliar
https://www.properti123.com/properti-jual/12333-rumah-hadap-utara-kuldesak-siap-nego-di-duri-kepa-jakarta-barat,"Kota Jakarta Barat, Dki Jakarta",Rp 1.6 Milliar
https://www.properti123.com/properti-jual/12332-rumah-mewah-hoek-hadap-2-sisi-jarang-ada-di-kemanggisan-jakarta-barat,"Kota Jakarta Barat, Dki Jakarta",Rp 18 Milliar
https://www.properti123.com/properti-jual/12331-dijual-murah-rumah-mewah-ada-rooftop-di-kebagusan-jakarta-selatan,"Kota Jakarta Selatan, Dki Jakarta",Rp 2.7 Milliar
https://www.properti123.com/properti-jual/12330-dijual-rumah-cluster-perdana-house-99-pesanggrahan-jakarta-selatan,"Kota Jakarta Selatan, Dki Jakarta",Rp 1.5 Milliar
https://www.properti123.com/properti-jual/12328-dijual-cepat-rumah-murah-di-perumahan-jatinegara-baru-jakarta-timur,"Kota Jakarta Timur, Dki Jakarta",Rp 3 Milliar
https://www.properti123.com/properti-jual/12283-dijual-rumah-cluster-perdana-house-99-pesanggrahan-jakarta-selatan,"Kota Jakarta Selatan, Dki Jakarta",Rp 175 Juta
https://www.properti123.com/properti-jual/12282-dijual-murah-rumah-cluster-casa-9-cilandak-jakarta-selatan,"Kota Jakarta Selatan, Dki Jakarta",Rp 1.83 Milliar
https://www.properti123.com/properti-jual/12281-dijual-rumah-ada-rooftop-cluster-ijo-residence-jagakarsa-jakarta-selatan,"Kota Jakarta Selatan, Dki Jakarta",Rp 1.63 Milliar
https://www.properti123.com/properti-jual/12280-dijual-murah-rumah-cluster-raisan-residence-jagakarsa-jakarta-selatan,"Kota Jakarta Selatan, Dki Jakarta",Rp 2.75 Milliar
https://www.properti123.com/properti-jual/12278-dijual-rumah-cluster-mewah-di-jln-timbul-jagakarsa-jakarta-selatan,"Kota Jakarta Selatan, Dki Jakarta",Rp 4.95 Milliar
https://www.properti123.com/properti-jual/12276-dijual-rumah-cluster-mewah-di-cilandak-kko-jakarta-selatan,"Kota Jakarta Selatan, Dki Jakarta",Rp 3.45 Milliar
https://www.properti123.com/properti-jual/12267-dijual-murah-rumah-cluster-di-jln-panjang-jagakarsa-jakarta-selatan,"Kota Jakarta Selatan, Dki Jakarta",Rp 1.88 Milliar
https://www.properti123.com/properti-jual/12265-rumah-baru-dekat-lenteng-agung-jakarta-selatan,"Kota Jakarta Selatan, Dki Jakarta",Rp 2.5 Milliar
https://www.properti123.com/properti-jual/12264-dijual-termurah-rumah-non-cluster-di-kahfi-1-jagakarsa-jakarta-selatan,"Kota Jakarta Selatan, Dki Jakarta",Rp 2.2 Milliar
https://www.properti123.com/properti-jual/12261-dijual-murah-rumah-cluster-di-jln-raisan-jagakarsa-jakarta-selatan,"Kota Jakarta Selatan, Dki Jakarta",Rp 1.1 Milliar
https://www.properti123.com/properti-jual/12260-dijual-termurah-rumah-di-jln-sawo-kahfi-1-jagakarsa-jakarta-selatan,"Kota Jakarta Selatan, Dki Jakarta",Rp 1.7 Milliar
https://www.properti123.com/properti-jual/12255-rumah-baru-untuk-keluarga-lokasi-strategis-dekat-gatot-subroto-jakarta-selatan,"Kota Jakarta Selatan, Dki Jakarta",Rp 4.28 Milliar
https://www.properti123.com/properti-jual/12249-rumah-cluster-di-jln-taman-sari-lebak-bulus-cilandak-jakarta-selatan,"Kota Jakarta Selatan, Dki Jakarta",Rp 2.85 Milliar
https://www.properti123.com/properti-jual/12247-dijual-murah-rumah-baru-di-kebagusan-dekat-ragunan-jakarta-selatan,"Kota Jakarta Selatan, Dki Jakarta",Rp 485 Juta
https://www.properti123.com/properti-jual/12246-dijual-rumah-mewah-ada-rooftop-di-komplek-kav-dki-jagakarsa-jakarta-selatan,"Kota Jakarta Selatan, Dki Jakarta",Rp 2.2 Milliar
https://www.properti123.com/properti-jual/12245-dijual-murah-rumah-cluster-di-kav-dki-jagakarsa-jakarta-selatan,"Kota Jakarta Selatan, Dki Jakarta",Rp 1.65 Milliar
https://www.properti123.com/properti-jual/12243-dijual-murah-rumah-cluster-barkah-21-residence-warung-sila-jagakarsa-jakarta-selatan,"Kota Jakarta Selatan, Dki Jakarta",Rp 1.03 Milliar
https://www.properti123.com/properti-jual/12239-dijual-rumah-mewah-ada-kolam-renang-di-komplek-kesehatan-pesanggrahan-jakarta-selatan,"Kota Jakarta Selatan, Dki Jakarta",Rp 13.8 Milliar
https://www.properti123.com/properti-jual/12238-dijual-rumah-di-jl-pulo-indah-petukangan-selatan-jakarta-selatan,"Kota Jakarta Selatan, Dki Jakarta",Rp 2.2 Milliar
https://www.properti123.com/properti-jual/12234-dijual-murah-rumah-di-jln-perikanan-jagakarsa-jakarta-selatan,"Kota Jakarta Selatan, Dki Jakarta",Rp 495 Juta
https://www.properti123.com/properti-jual/12228-dijual-termurah-rumah-cluster-di-kahfi-1-jagakarsa-jakarta-selatan,"Kota Jakarta Selatan, Dki Jakarta",Rp 1.45 Milliar
https://www.properti123.com/properti-jual/12225-dijual-murah-rumah-pemuda-townhouse-jagakarsa-jakarta-selatan,"Kota Jakarta Selatan, Dki Jakarta",Rp 950 Juta
https://www.properti123.com/properti-jual/12223-dijual-rumah-classic-eropa-ada-kolam-renang-di-jln-kebagusan-jakarta-selatan,"Kota Jakarta Selatan, Dki Jakarta",Rp 2.85 Milliar
https://www.properti123.com/properti-jual/12220-rumah-dijual-di-ciputat-dekat-mrt-lebak-bulus-uin-jakarta-rsia-bunda-ciputat-pasar-ciputat-samsat-ciputat,"Kota Tangerang Selatan, Banten",Rp 735 Juta
https://www.properti123.com/properti-jual/12219-dijual-murah-rumah-cluster-cozy-house-srengseng-sawah-jagakarsa-jakarta-selatan,"Kota Jakarta Selatan, Dki Jakarta",Rp 875 Juta
https://www.properti123.com/properti-jual/12217-dijual-rumah-di-jln-walet-tipar-selatan-semper-jakarta-utara,"Kota Jakarta Utara, Dki Jakarta",Rp 1.1 Milliar
https://www.properti123.com/properti-jual/12214-dijual-murah-rumah-cluster-minimalis-di-tanjung-barat-jakarta-selatan,"Kota Jakarta Selatan, Dki Jakarta",Rp 1.25 Milliar
https://www.properti123.com/properti-jual/12213-dijual-murah-rumah-di-komplek-siaga-baru-jln-siaga-raya-pejaten-barat-jakarta-selatan,"Kota Jakarta Selatan, Dki Jakarta",Rp 4 Milliar
https://www.properti123.com/properti-jual/12212-dijual-murah-rumah-baru-di-kebagusan-dekat-ragunan-jakarta-selatan,"Kota Jakarta Selatan, Dki Jakarta",Rp 495 Juta
https://www.properti123.com/properti-jual/12209-dijual-murah-rumah-non-cluster-di-jagakarsa-jakarta-selatan,"Kota Jakarta Selatan, Dki Jakarta",Rp 1.2 Milliar
https://www.properti123.com/properti-jual/12206-dijual-rumah-di-jln-pinang-barat-1-pondok-labu-cilandak-jakarta-selatan,"Kota Jakarta Selatan, Dki Jakarta",Rp 2.8 Milliar
https://www.properti123.com/properti-jual/12205-dijual-rumah-cluster-di-jln-panjang-kahfi-1-jagakarsa-jakarta-selatan,"Kota Jakarta Selatan, Dki Jakarta",Rp 1.8 Milliar
https://www.properti123.com/properti-jual/12201-dijual-murah-rumah-cluster-aselih-jagakarsa-jakarta-selatan,"Kota Jakarta Selatan, Dki Jakarta",Rp 1.56 Milliar
https://www.properti123.com/properti-jual/12200-dijual-rumah-full-furnished-cluster-mahakam-residence-jagakarsa-jakarta-selatan,"Kota Jakarta Selatan, Dki Jakarta",Rp 1.85 Milliar
https://www.properti123.com/properti-jual/12199-rumah-dekat-kuningan-rasuna-said-jakarta-selatan,"Kota Jakarta Selatan, Dki Jakarta",Rp 3.55 Milliar
https://www.properti123.com/properti-jual/12195-dijual-murah-rumah-cluster-di-cipedak-jagakarsa-jakarta-selatan,"Kota Jakarta Selatan, Dki Jakarta",Rp 759 Juta
https://www.properti123.com/properti-jual/12194-dijual-murah-rumah-cluster-di-warung-sila-jagakarsa-jakarta-selatan,"Kota Jakarta Selatan, Dki Jakarta",Rp 1.35 Milliar
https://www.properti123.com/properti-jual/12193-dijual-rumah-mewah-cluster-pejaten-pasar-minggu-jakarta-selatan,"Kota Jakarta Selatan, Dki Jakarta",Rp 2.15 Milliar
https://www.properti123.com/properti-jual/12191-dijual-rumah-cluster-di-srengseng-sawah-jagakarsa-jakarta-selatan,"Kota Jakarta Selatan, Dki Jakarta",Rp 1.34 Milliar
https://www.properti123.com/properti-jual/12188-dijual-rumah-modern-classic-di-jln-sadar-raya-jagakarsa-jakarta-selatan,"Kota Jakarta Selatan, Dki Jakarta",Rp 1.33 Milliar
https://www.properti123.com/properti-jual/12187-dijual-rumah-murah-cluster-scandi-house-9-di-jagakarsa-jakarta-selatan,"Kota Jakarta Selatan, Dki Jakarta",Rp 2.03 Milliar
https://www.properti123.com/properti-jual/12185-dijual-murah-rumah-cluster-minimalis-di-tanjung-barat-jakarta-selatan,"Kota Jakarta Selatan, Dki Jakarta",Rp 1.25 Milliar
https://www.properti123.com/properti-jual/12184-dijual-murah-rumah-cluster-modern-minimalis-cluster-di-kebagusan-jakarta-selatan,"Kota Jakarta Selatan, Dki Jakarta",Rp 1.75 Milliar
https://www.properti123.com/properti-jual/12183-dijual-rumah-baru-non-cluster-di-jln-sirsak-jagakarsa-jakarta-selatan,"Kota Jakarta Selatan, Dki Jakarta",Rp 1.5 Milliar
https://www.properti123.com/properti-jual/12180-dijual-murah-rumah-classic-modern-di-kahfi-2-jagakarsa-jakarta-selatan,"Kota Jakarta Selatan, Dki Jakarta",Rp 1.7 Milliar
https://www.properti123.com/properti-jual/12178-dijual-rumah-non-cluster-di-cipedak-jagakarsa-jakarta-selatan,"Kota Jakarta Selatan, Dki Jakarta",Rp 675 Juta
https://www.properti123.com/properti-jual/12175-dijual-rumah-classic-eropa-ada-kolam-renang-di-jln-kebagusan-jakarta-selatan,"Kota Jakarta Selatan, Dki Jakarta",Rp 2.85 Milliar
https://www.properti123.com/properti-jual/12174-dijual-termurah-rumah-non-cluster-di-aselih-jagakarsa-jakarta-selatan,"Kota Jakarta Selatan, Dki Jakarta",Rp 1.65 Milliar
https://www.properti123.com/properti-jual/12173-dijual-rumah-non-cluster-di-jln-timbul-jagakarsa-jakarta-selatan,"Kota Jakarta Selatan, Dki Jakarta",Rp 985
https://www.properti123.com/properti-jual/12169-dijual-murah-rumah-cluster-meinhaus-jagakarsa-jakarta-selatan,"Kota Jakarta Selatan, Dki Jakarta",Rp 2.3 Milliar
https://www.properti123.com/properti-jual/12167-dijual-di-bawah-njop-rumah-di-komplek-liga-mas-indah-pancoran-jakarta-selatan,"Kota Jakarta Selatan, Dki Jakarta",Rp 25 Milliar
https://www.properti123.com/properti-jual/12166-dijual-murah-rumah-cluster-di-jln-raisan-jagakarsa-jakarta-selatan,"Kota Jakarta Selatan, Dki Jakarta",Rp 950 Juta
https://www.properti123.com/properti-jual/12165-dijual-termurah-rumah-cluster-kebagusan-dekat-ragunan-jakarta-selatan,"Kota Jakarta Selatan, Dki Jakarta",Rp 1.85 Milliar
https://www.properti123.com/properti-jual/12161-dijual-murah-rumah-cluster-the-cozy-house-palem-2-jln-kahfi-1-jagakarsa-jakarta-selatan,"Kota Jakarta Selatan, Dki Jakarta",Rp 950 Juta
https://www.properti123.com/properti-jual/12160-dijual-murah-rumah-cluster-di-warung-sila-jagakarsa-jakarta-selatan,"Kota Jakarta Selatan, Dki Jakarta",Rp 925 Juta
https://www.properti123.com/properti-jual/12150-dijual-rumah-mewah-dengan-kolam-renang-ada-rooftop-di-kebagusan-jakarta-selatan,"Kota Jakarta Selatan, Dki Jakarta",Rp 4.15 Milliar
https://www.properti123.com/properti-jual/12145-dijual-rumah-daerah-duren-sawit-jakarta-timur,"Kota Jakarta Timur, Dki Jakarta",Rp 9.2 Milliar
https://www.properti123.com/properti-jual/12143-dijual-rumah-cluster-jln-durian-barat-by-permata-residence-jagakarsa-jakarta-selatan,"Kota Jakarta Selatan, Dki Jakarta",Rp 1.15 Milliar
https://www.properti123.com/properti-jual/12139-dijual-murah-rumah-dekat-stasiun-cawang-tebet-timur-jakarta-selatan,"Kota Jakarta Selatan, Dki Jakarta",Rp 3.1 Milliar
https://www.properti123.com/properti-jual/12138-dijual-rumah-ada-rooftop-di-jln-tebet-timur-jakarta-selatan,"Kota Jakarta Selatan, Dki Jakarta",Rp 2.95 Milliar
https://www.properti123.com/properti-jual/12137-dijual-murah-rumah-di-jln-kebon-baru-asem-baris-tebet-jakarta-selatan,"Kota Jakarta Selatan, Dki Jakarta",Rp 2.6 Milliar
https://www.properti123.com/properti-jual/12108-rumah-di-jagakarsa-jakarta-selatan-dekat-sekolah-dan-universitas-ternama,"Kota Jakarta Selatan, Dki Jakarta",Rp 1.35 Milliar
https://www.properti123.com/properti-jual/12106-rumah-baru-strategis-di-kalibata-jakarta-selatan,"Kota Jakarta Selatan, Dki Jakarta",Rp 3.45 Milliar
https://www.properti123.com/properti-jual/12104-dijual-tanah-dan-rumah-di-jln-cempaka-putih-raya-no-40-pinggir-jalan-utama,"Kota Jakarta Pusat, Dki Jakarta",Rp 15 Milliar
https://www.properti123.com/properti-jual/12097-dijual-rumah-cluster-mewah-di-jln-sadar-raya-jagakarsa-jakarta-selatan,"Kota Jakarta Selatan, Dki Jakarta",Rp 2.35 Milliar
https://www.properti123.com/properti-jual/12094-dijual-rumah-cluster-jln-durian-barat-by-permata-residence-jagakarsa-jakarta-selatan,"Kota Jakarta Selatan, Dki Jakarta",Rp 1.15 Milliar
https://www.properti123.com/properti-jual/12093-rumah-mewah-dengan-kolam-renang-ada-rooftop-di-kebagusan-jakarta-selatan,"Kota Jakarta Selatan, Dki Jakarta",Rp 4.15 Milliar
https://www.properti123.com/properti-jual/12081-dijual-murah-rumah-cluster-mewah-di-kebagusan-jakarta-selatan,"Kota Jakarta Selatan, Dki Jakarta",Rp 1.9 Milliar
https://www.properti123.com/properti-jual/12074-dijual-murah-rumah-dekat-stasiun-cawang-tebet-timur-jakarta-selatan,"Kota Jakarta Selatan, Dki Jakarta",Rp 3.1 Milliar
https://www.properti123.com/properti-jual/12068-dijual-rumah-ada-rooftop-di-jln-tebet-timur-jakarta-selatan,"Kota Jakarta Selatan, Dki Jakarta",Rp 2.95 Milliar
https://www.properti123.com/properti-jual/12053-dijual-rumah-cluster-mewah-di-jln-sadar-raya-jagakarsa-jakarta-selatan,"Kota Jakarta Selatan, Dki Jakarta",Rp 2.35 Milliar
https://www.properti123.com/properti-jual/12041-murah-rumah-di-jln-kebon-baru-asem-baris-tebet-jakarta-selatan,"Kota Jakarta Selatan, Dki Jakarta",Rp 2.6 Milliar
https://www.properti123.com/properti-jual/12037-dijual-murah-rumah-di-jln-kebon-baru-asem-baris-tebet-jakarta-selatan,"Kota Jakarta Selatan, Dki Jakarta",Rp 2.6 Milliar
https://www.properti123.com/properti-jual/12034-rumah-baru-minimalis-di-jln-tebet-utara-jakarta-selatan,"Kota Jakarta Selatan, Dki Jakarta",Rp 1.5 Milliar
https://www.properti123.com/properti-jual/12030-rumah-mewah-siap-huni-di-kawasan-elit-kemang-jakarta-selatan,"Kota Jakarta Selatan, Dki Jakarta",Rp 8.7 Milliar
https://www.properti123.com/properti-jual/12011-dijual-rumah-mewah-dengan-kolam-renang-di-kebagusan-jakarta-selatan,"Kota Jakarta Selatan, Dki Jakarta",Rp 2.5 Milliar
https://www.properti123.com/properti-jual/12010-rumah-keluarga-siap-huni-di-tb-simatupang-jakarta-selatan,"Kota Jakarta Selatan, Dki Jakarta",Rp 2.3 Milliar
https://www.properti123.com/properti-jual/12005-dijual-rumah-cluster-mewah-di-jln-timbul-jagakarsa-jakarta-selatan,"Kota Jakarta Selatan, Dki Jakarta",Rp 4.95 Milliar
https://www.properti123.com/properti-jual/11999-dijual-rumah-mewah-dengan-kolam-renang-di-kebagusan-jakarta-selatan,"Kota Jakarta Selatan, Dki Jakarta",Rp 2.5 Milliar
https://www.properti123.com/properti-jual/11995-dijual-rumah-cluster-mewah-di-jln-timbul-jagakarsa-jakarta-selatan,"Kota Jakarta Selatan, Dki Jakarta",Rp 4.95 Milliar
https://www.properti123.com/properti-jual/11993-dijual-rumah-cluster-di-jln-warung-sila-raya-jagakarsa-jakarta-selatan,"Kota Jakarta Selatan, Dki Jakarta",Rp 1.8 Milliar
https://www.properti123.com/properti-jual/11992-dijual-murah-rumah-cluster-kebagusan-4-residence-jakarta-selatan,"Kota Jakarta Selatan, Dki Jakarta",Rp 1.76 Milliar
https://www.properti123.com/properti-jual/11987-dijual-rumah-non-cluster-di-kahfi-2-jagakarsa-jakarta-selatan,"Kota Jakarta Selatan, Dki Jakarta",Rp 1.7 Milliar
https://www.properti123.com/properti-jual/11986-dijual-rumah-mewah-design-eropa-classic-modern-di-jagakarsa-jakarta-selatan,"Kota Jakarta Selatan, Dki Jakarta",Rp 2.7 Milliar
https://www.properti123.com/properti-jual/11982-rumah-mewah-3-lantai-di-cilandak-jakarta-selatan,"Kota Jakarta Selatan, Dki Jakarta",Rp 4.6 Milliar
https://www.properti123.com/properti-jual/11981-dijual-murah-rumah-cluster-jamboo-hills-jagakarsa-jakarta-selatan,"Kota Jakarta Selatan, Dki Jakarta",Rp 1.3 Milliar
https://www.properti123.com/properti-jual/11977-dijual-murah-rumah-cluster-raisan-residence-jagakarsa-jakarta-selatan,"Kota Jakarta Selatan, Dki Jakarta",Rp 2.75 Milliar
https://www.properti123.com/properti-jual/11975-rumah-baru-untuk-keluarga-lokasi-strategis-di-pejaten-jakarta-selatan,"Kota Jakarta Selatan, Dki Jakarta",Rp 6.35 Milliar
https://www.properti123.com/properti-jual/11959-dijual-termurah-rumah-cluster-dekat-aeon-mall-tanjung-barat-jakarta-selatan,"Kota Jakarta Selatan, Dki Jakarta",Rp 1.25 Milliar
https://www.properti123.com/properti-jual/11937-rumah-mewah-design-eropa-classic-modern-di-jagakarsa,"Kota Jakarta Selatan, Dki Jakarta",Rp 2.7 Milliar
https://www.properti123.com/properti-jual/11936-dijual-rumah-non-cluster-di-kahfi-2-jagakarsa-jakarta-selata,"Kota Jakarta Selatan, Dki Jakarta",Rp 1.7 Milliar
https://www.properti123.com/properti-jual/11929-rumah-baru-keluarga-dekat-universitas-pancasila-jakarta-selatan,"Kota Jakarta Selatan, Dki Jakarta",Rp 1.48 Milliar
https://www.properti123.com/properti-jual/11923-rumah-baru-strategis-dekat-tb-simatupang-jakarta-selatan,"Kota Jakarta Selatan, Dki Jakarta",Rp 3.55 Milliar
https://www.properti123.com/properti-jual/11922-dijual-murah-rumah-cluster-jamboo-hills-jagakarsa-jakarta-selatan,"Kota Jakarta Selatan, Dki Jakarta",Rp 1.3 Milliar
https://www.properti123.com/properti-jual/11920-dijual-rumah-non-cluster-di-kahfi-2-jagakarsa-jakarta-selatan,"Kota Jakarta Selatan, Dki Jakarta",Rp 1.7 Milliar
https://www.properti123.com/properti-jual/11917-dijual-rumah-mewah-design-eropa-classic-modern-di-jagakarsa-jakarta-selatan,"Kota Jakarta Selatan, Dki Jakarta",Rp 2.7 Milliar
https://www.properti123.com/properti-jual/11915-dijual-murah-rumah-cluster-raisan-residence-jagakarsa-jakarta-selatan,"Kota Jakarta Selatan, Dki Jakarta",Rp 2.75 Milliar
https://www.properti123.com/properti-jual/11910-rumah-baru-siap-huni-di-pesanggrahan-jakarta-selatan,"Kota Jakarta Selatan, Dki Jakarta",Rp 2.95 Milliar
https://www.properti123.com/properti-jual/11909-rumah-baru-strategis-di-jagakarsa-jakarta-selatan,"Kota Jakarta Selatan, Dki Jakarta",Rp 1.69 Milliar
https://www.properti123.com/properti-jual/11904-dijual-rumah-cluster-mewah-di-cilandak-kko-jakarta-selatan,"Kota Jakarta Selatan, Dki Jakarta",Rp 3.45 Milliar
https://www.properti123.com/properti-jual/11903-dijual-murah-rumah-mewah-ada-rooftop-di-kebagusan-jakarta-selatan,"Kota Jakarta Selatan, Dki Jakarta",Rp 2.7 Milliar
https://www.properti123.com/properti-jual/11902-dijual-cepat-rumah-murah-di-perumahan-jatinegara-baru-jakarta-timur,"Kota Jakarta Timur, Dki Jakarta",Rp 3 Milliar
https://www.properti123.com/properti-jual/11896-dijual-murah-rumah-mewah-ada-rooftop-di-kebagusan-jakarta-selatan,"Kota Jakarta Selatan, Dki Jakarta",Rp 2.7 Milliar
https://www.properti123.com/properti-jual/11894-dijual-rumah-cluster-mewah-di-cilandak-kko-jakarta-selatan,"Kota Jakarta Selatan, Dki Jakarta",Rp 3.55 Milliar
https://www.properti123.com/properti-jual/11889-dijual-murah-rumah-mewah-ada-rooftop-di-kebagusan-jakarta-selatan,"Kota Jakarta Selatan, Dki Jakarta",Rp 2.7 Milliar
https://www.properti123.com/properti-jual/11884-dijual-rumah-mewah-ada-kolam-renang-di-komplek-kesehatan-pesanggrahan-jakarta-selatan,"Kota Jakarta Selatan, Dki Jakarta",Rp 13.8 Milliar
https://www.properti123.com/properti-jual/11883-dijual-cepat-rumah-murah-di-perumahan-jatinegara-baru-jakarta-timur,"Kota Jakarta Timur, Dki Jakarta",Rp 3 Milliar
https://www.properti123.com/properti-jual/11878-dijual-murah-rumah-cluster-cozy-house-srengseng-sawah-jagakarsa-jakarta-selatan,"Kota Jakarta Selatan, Dki Jakarta",Rp 950 Juta
https://www.properti123.com/properti-jual/11871-dijual-rumah-cluster-perdana-house-99-pesanggrahan-jakarta-selatan,"Kota Jakarta Selatan, Dki Jakarta",Rp 1.5 Milliar
https://www.properti123.com/properti-jual/11866-dijual-murah-rumah-cluster-casa-9-cilandak-jakarta-selatan,"Kota Jakarta Selatan, Dki Jakarta",Rp 1.83 Milliar
https://www.properti123.com/properti-jual/11862-dijual-rumah-ada-rooftop-cluster-ijo-residence-jagakarsa-jakarta-selatan,"Kota Jakarta Selatan, Dki Jakarta",Rp 1.73 Milliar
https://www.properti123.com/properti-jual/11861-dijual-murah-rumah-cluster-di-warung-sila-jagakarsa-jakarta-selatan,"Kota Jakarta Selatan, Dki Jakarta",Rp 925 Juta
https://www.properti123.com/properti-jual/11847-dijual-cepat-rumah-murah-di-perumahan-jatinegara-baru-jakarta-timur,"Kota Jakarta Timur, Dki Jakarta",Rp 3 Milliar
https://www.properti123.com/properti-jual/11843-rumah-baru-strategis-dekat-mampang-jakarta-selatan,"Kota Jakarta Selatan, Dki Jakarta",Rp 4.3 Milliar
https://www.properti123.com/properti-jual/11840-rumah-ada-rooftop-cluster-ijo-residence-kav-e-jagakarsa,"Kota Jakarta Selatan, Dki Jakarta",Rp 1.73 Milliar
https://www.properti123.com/properti-jual/11836-dijual-murah-rumah-cluster-casa-9-cilandak-jakarta-selatan,"Kota Jakarta Selatan, Dki Jakarta",Rp 1.83 Milliar
https://www.properti123.com/properti-jual/11834-dijual-rumah-di-jln-walet-tipar-selatan-semper-jakarta-utara,"Kota Jakarta Utara, Dki Jakarta",Rp 1.1 Milliar
https://www.properti123.com/properti-jual/11831-dijual-murah-rumah-classic-modern-di-kahfi-2-jagakarsa-jakarta-selatan,"Kota Jakarta Selatan, Dki Jakarta",Rp 1.7 Milliar
https://www.properti123.com/properti-jual/11818-rumah-dijual-dekat-universitas-pancasila-ui-depok-universitas-gunadarma-setu-babakan-stasiun-universitas-pancasila,"Kota Jakarta Selatan, Dki Jakarta",Rp 1.9 Milliar
https://www.properti123.com/properti-jual/11813-dijual-cepat-rumah-2-lantai-ukuran-7x16-di-jakarta-barat-5-kt-dan-2-km,"Kota Jakarta Barat, Dki Jakarta",Rp 1.35 Milliar
https://www.properti123.com/properti-jual/11808-dijual-murah-rumah-cluster-di-jln-raisan-jagakarsa-jakarta-selatan,"Kota Jakarta Selatan, Dki Jakarta",Rp 1.1 Milliar
https://www.properti123.com/properti-jual/11805-dijual-murah-rumah-cluster-di-jln-taman-sari-lebak-bulus-cilandak-jakarta-selatan,"Kota Jakarta Selatan, Dki Jakarta",Rp 2.85 Milliar
https://www.properti123.com/properti-jual/11804-dijual-rumah-classic-eropa-ada-kolam-renang-di-jln-kebagusan-jakarta-selatan,"Kota Jakarta Selatan, Dki Jakarta",Rp 2.85 Milliar
https://www.properti123.com/properti-jual/11793-rumah-baru-keluarga-di-lenteng-agung-jakarta-selatan,"Kota Jakarta Selatan, Dki Jakarta",Rp 1.35 Milliar
https://www.properti123.com/properti-jual/11792-dijual-murah-rumah-cluster-di-jln-raya-kahfi-2-jagakarsa-jakarta-selatan,"Kota Jakarta Selatan, Dki Jakarta",Rp 1.5 Milliar
https://www.properti123.com/properti-jual/11787-dijual-termurah-rumah-non-cluster-di-kahfi-1-jagakarsa-jakarta-selatan,"Kota Jakarta Selatan, Dki Jakarta",Rp 2.2 Milliar
https://www.properti123.com/properti-jual/11778-dijual-murah-rumah-cluster-di-jln-raya-kahfi-2-jagakarsa-jakarta-selatan,"Kota Jakarta Selatan, Dki Jakarta",Rp 1.5 Milliar
https://www.properti123.com/properti-jual/11777-dijual-termurah-rumah-di-jln-sawo-kahfi-1-jagakarsa-jakarta-selatan,"Kota Jakarta Selatan, Dki Jakarta",Rp 1.7 Milliar
https://www.properti123.com/properti-jual/11773-rumah-baru-3-lantai-dekat-kuningan-rasuna-said-jakarta-selatan,"Kota Jakarta Selatan, Dki Jakarta",Rp 3.45 Milliar
https://www.properti123.com/properti-jual/11770-dijual-murah-rumah-cluster-di-jln-panjang-jagakarsa-jakarta-selatan,"Kota Jakarta Selatan, Dki Jakarta",Rp 1.88 Milliar
https://www.properti123.com/properti-jual/11769-dijual-termurah-rumah-non-cluster-di-kahfi-1-jagakarsa-jakarta-selatan,"Kota Jakarta Selatan, Dki Jakarta",Rp 2.2 Milliar
https://www.properti123.com/properti-jual/11768-dijual-murah-rumah-cluster-di-jln-taman-sari-lebak-bulus-cilandak-jakarta-selatan,"Kota Jakarta Selatan, Dki Jakarta",Rp 2.85 Milliar
https://www.properti123.com/properti-jual/11759-rumah-baru-2-lantai-rooftop-di-cirendeu-jakarta-selatan,"Kota Jakarta Selatan, Dki Jakarta",Rp 1.65 Milliar
https://www.properti123.com/properti-jual/11754-rumah-kualitas-bagus-dan-mewah-di-pejaten-jakarta-selatan,"Kota Jakarta Selatan, Dki Jakarta",Rp 4.18 Milliar
https://www.properti123.com/properti-jual/11751-dijual-murah-rumah-baru-di-kebagusan-dekat-ragunan-jakarta-selatan,"Kota Jakarta Selatan, Dki Jakarta",Rp 485 Juta
https://www.properti123.com/properti-jual/11749-dijual-rumah-mewah-ada-rooftop-di-komplek-kav-dki-jagakarsa-jakarta-selatan,"Kota Jakarta Selatan, Dki Jakarta",Rp 2.2 Milliar
https://www.properti123.com/properti-jual/11745-dijual-termurah-rumah-non-cluster-di-kahfi-1-jagakarsa-jakarta-selatan,"Kota Jakarta Selatan, Dki Jakarta",Rp 2.2 Milliar
https://www.properti123.com/properti-jual/11741-dijual-murah-rumah-cluster-di-jln-raisan-jagakarsa-jakarta-selatan,"Kota Jakarta Selatan, Dki Jakarta",Rp 1.1 Milliar
https://www.properti123.com/properti-jual/11740-dijual-termurah-rumah-di-jln-sawo-kahfi-1-jagakarsa-jakarta-selatan,"Kota Jakarta Selatan, Dki Jakarta",Rp 1.7 Milliar
https://www.properti123.com/properti-jual/11738-dijual-murah-rumah-cluster-di-jln-taman-sari-lebak-bulus-cilandak-jakarta-selatan,"Kota Jakarta Selatan, Dki Jakarta",Rp 2.85 Milliar
https://www.properti123.com/properti-jual/11737-dijual-murah-rumah-baru-di-kebagusan-dekat-ragunan-jakarta-selatan,"Kota Jakarta Selatan, Dki Jakarta",Rp 485 Juta
https://www.properti123.com/properti-jual/11732-dijual-rumah-mewah-ada-rooftop-di-komplek-kav-dki-jagakarsa-jakarta-selatan,"Kota Jakarta Selatan, Dki Jakarta",Rp 2.2 Milliar
https://www.properti123.com/properti-jual/11731-rumah-hunian-akses-jalan-besar-di-jagakarsa-jakarta-selatan,"Kota Jakarta Selatan, Dki Jakarta",Rp 2.5 Milliar
https://www.properti123.com/properti-jual/11717-rumah-keluarga-muda-di-jagakarsa-jakarta-selatan,"Kota Jakarta Selatan, Dki Jakarta",Rp 1.35 Milliar
https://www.properti123.com/properti-jual/11713-dijual-murah-rumah-cluster-di-jln-taman-sari-lebak-bulus-cilandak-jakarta-selatan,"Kota Jakarta Selatan, Dki Jakarta",Rp 2.85 Milliar
https://www.properti123.com/properti-jual/11707-rumah-cluster-permata-hijau-mansion-dengan-berbagai-type-kebayoran-lama-jaksel,"Kota Jakarta Selatan, Dki Jakarta",Rp 3.38 Milliar
https://www.properti123.com/properti-jual/11706-rumah-baru-keluarga-3-lantai-di-kalibata-jakarta-selatan,"Kota Jakarta Selatan, Dki Jakarta",Rp 3.55 Milliar
https://www.properti123.com/properti-jual/11702-dijual-murah-rumah-cluster-di-kav-dki-jagakarsa-jakarta-selatan,"Kota Jakarta Selatan, Dki Jakarta",Rp 1.65 Milliar
https://www.properti123.com/properti-jual/11699-dijual-rumah-2-lantai-di-daerah-galur-jakarta-pusat,"Kota Jakarta Pusat, Dki Jakarta",Rp 999 Juta
https://www.properti123.com/properti-sewa/11696-disewakan-rumah-2-lantai-cantik-asri-nyaman-aman-dalam-town-house-di-ciganjur-jakartaselatan,"Kota Jakarta Selatan, Dki Jakarta",Rp 144 Juta
https://www.properti123.com/properti-jual/11670-dijual-murah-rumah-cluster-barkah-21-residence-warung-sila-jagakarsa-jakarta-selatan,"Kota Jakarta Selatan, Dki Jakarta",Rp 990 Juta
https://www.properti123.com/properti-jual/11660-dijual-rumah-mewah-ada-kolam-renang-di-komplek-kesehatan-pesanggrahan-jakarta-selatan,"Kota Jakarta Selatan, Dki Jakarta",Rp 13.8 Milliar
https://www.properti123.com/properti-jual/11654-dijual-rumah-di-jln-walet-tipar-selatan-semper-jakarta-utara,"Kota Jakarta Utara, Dki Jakarta",Rp 1.1 Milliar
https://www.properti123.com/properti-jual/11653-dijual-murah-rumah-cluster-minimalis-di-tanjung-barat-jakarta-selatan,"Kota Jakarta Selatan, Dki Jakarta",Rp 1.25 Milliar
https://www.properti123.com/properti-jual/11641-murah-rumah-cluster-minimalis-di-tanjung-barat-jakarta-selatan,"Kota Jakarta Selatan, Dki Jakarta",Rp 1.25 Milliar
https://www.properti123.com/properti-jual/11637-dijual-murah-rumah-cluster-classic-minimalis-di-tanjung-barat-jakarta-selatan,"Kota Jakarta Selatan, Dki Jakarta",Rp 1.3 Milliar
https://www.properti123.com/properti-jual/11629-di-jual-murah-rumah-baru-di-kebagusan-dekat-ragunan-jakarta-selatan,"Kota Jakarta Selatan, Dki Jakarta",Rp 495 Juta
https://www.properti123.com/properti-jual/11627-dijual-murah-rumah-cluster-barkah-21-residence-warung-sila-jagakarsa-jakarta-selatan,"Kota Jakarta Selatan, Dki Jakarta",Rp 1.03 Milliar
https://www.properti123.com/properti-jual/11625-dijual-rumah-termurah-di-jln-kahfi-1-jagakarsa-jakarta-selatan,"Kota Jakarta Selatan, Dki Jakarta",Rp 550 Juta
https://www.properti123.com/properti-jual/11624-rumah-cluster-barkah-21-residence-kav-a-warung-sila-jagakarsa-jakarta-selatan,"Kota Jakarta Selatan, Dki Jakarta",Rp 990 Juta
https://www.properti123.com/properti-jual/11623-dijual-murah-rumah-classic-modern-di-kahfi-2-jagakarsa-jakarta-selatan,"Kota Jakarta Selatan, Dki Jakarta",Rp 1.7 Milliar
https://www.properti123.com/properti-jual/11614-rumah-cluster-modern-minimalis-cluster-di-kebagusan-jakarta-selatan,"Kota Jakarta Selatan, Dki Jakarta",Rp 1.75 Milliar
https://www.properti123.com/properti-jual/11604-dijual-rumah-non-cluster-di-jln-timbul-jagakarsa-jakarta-selatan,"Kota Jakarta Selatan, Dki Jakarta",Rp 950 Juta
https://www.properti123.com/properti-jual/11603-dijual-murah-rumah-di-komplek-siaga-baru-jln-siaga-raya-pejaten-barat-jakarta-selatan,"Kota Jakarta Selatan, Dki Jakarta",Rp 4 Milliar
https://www.properti123.com/properti-jual/11597-dijual-murah-rumah-pemuda-townhouse-jagakarsa-jakarta-selatan,"Kota Jakarta Selatan, Dki Jakarta",Rp 950 Juta
https://www.properti123.com/properti-jual/11595-dijual-termurah-rumah-non-cluster-di-aselih-jagakarsa-jakarta-selatan,"Kota Jakarta Selatan, Dki Jakarta",Rp 1.65 Milliar
https://www.properti123.com/properti-jual/11578-dijual-rumah-premium-di-pulomas,"Kota Jakarta Timur, Dki Jakarta",Rp 11.25 Milliar
https://www.properti123.com/properti-jual/11576-dijual-murah-rumah-non-cluster-di-jagakarsa-jakarta-selatan,"Kota Jakarta Selatan, Dki Jakarta",Rp 1.2 Milliar
https://www.properti123.com/properti-jual/11567-dijual-murah-rumah-cluster-cozy-house-srengseng-sawah-jagakarsa-jakarta-selatan,"Kota Jakarta Selatan, Dki Jakarta",Rp 875 Juta
https://www.properti123.com/properti-jual/11553-dijual-rumah-mewah-ada-kolam-renang-di-komplek-kesehatan-pesanggrahan-jakarta-selatan,"Kota Jakarta Selatan, Dki Jakarta",Rp 13.8 Milliar
https://www.properti123.com/properti-jual/11551-dijual-murah-rumah-di-jln-perikanan-jagakarsa-jakarta-selatan,"Kota Jakarta Selatan, Dki Jakarta",Rp 495 Juta
https://www.properti123.com/properti-jual/11531-rumah-baru-gress-lokasi-nyaman-3kt-di-kelapa-dua-jakarta-barat,"Kota Jakarta Barat, Dki Jakarta",Rp 875 Juta
https://www.properti123.com/properti-jual/11530-rumah-hadap-utara-3kt-di-duri-kepa-jakarta-barat,"Kota Jakarta Barat, Dki Jakarta",Rp 2.7 Milliar
https://www.properti123.com/properti-jual/11528-dijual-murah-rumah-mewah-ada-kolam-renang-di-kebagusan-jakarta-selatan,"Kota Jakarta Selatan, Dki Jakarta",Rp 2.85 Milliar
https://www.properti123.com/properti-jual/11526-dijual-di-bawah-njop-rumah-di-komplek-liga-mas-indah-pancoran-jakarta-selatan,"Kota Jakarta Selatan, Dki Jakarta",Rp 25 Milliar
https://www.properti123.com/properti-jual/11524-dijual-murah-rumah-di-pasar-minggu,"Kota Jakarta Selatan, Dki Jakarta",Rp 850 Juta
https://www.properti123.com/properti-jual/11514-dijual-termurah-rumah-cluster-kebagusan-dekat-ragunan-jakarta-selatan,"Kota Jakarta Selatan, Dki Jakarta",Rp 1.85 Milliar
https://www.properti123.com/properti-jual/11508-dijual-murah-rumah-cluster-aselih-jagakarsa-jakarta-selatan,"Kota Jakarta Selatan, Dki Jakarta",Rp 1.56 Milliar
https://www.properti123.com/properti-jual/11505-dijual-rumah-full-furnished-cluster-mahakam-residence-jagakarsa-jakarta-selatan,"Kota Jakarta Selatan, Dki Jakarta",Rp 1.85 Milliar
https://www.properti123.com/properti-jual/11500-dijual-murah-rumah-cluster-di-cipedak-jagakarsa-jakarta-selatan,"Kota Jakarta Selatan, Dki Jakarta",Rp 795 Juta
https://www.properti123.com/properti-jual/11486-dijual-rumah-mewah-cluster-pejaten-pasar-minggu-jakarta-selatan,"Kota Jakarta Selatan, Dki Jakarta",Rp 2.15 Milliar
https://www.properti123.com/properti-jual/11482-dijual-rumah-cluster-di-srengseng-sawah-jagakarsa-jakarta-selatan,"Kota Jakarta Selatan, Dki Jakarta",Rp 1.14 Milliar
https://www.properti123.com/properti-jual/11480-dijual-rumah-classic-eropa-ada-kolam-renang-di-jln-kebagusan-jakarta-selatan,"Kota Jakarta Selatan, Dki Jakarta",Rp 2.85 Milliar
https://www.properti123.com/properti-jual/11470-dijual-rumah-murah-cluster-scandi-house-9-di-jagakarsa-jakarta-selatan,"Kota Jakarta Selatan, Dki Jakarta",Rp 2.03 Milliar
https://www.properti123.com/properti-jual/11459-dijual-murah-rumah-cluster-modern-minimalis-cluster-di-kebagusan-jakarta-selatan,"Kota Jakarta Selatan, Dki Jakarta",Rp 1.75 Milliar
https://www.properti123.com/properti-jual/11457-dijual-termurah-rumah-cluster-di-kahfi-1-jagakarsa-jakarta-selatan,"Kota Jakarta Selatan, Dki Jakarta",Rp 1.45 Milliar
https://www.properti123.com/properti-jual/11450-dijual-rumah-baru-non-cluster-di-jln-sirsak-jagakarsa-jakarta-selatan,"Kota Jakarta Selatan, Dki Jakarta",Rp 1.5 Milliar
https://www.properti123.com/properti-jual/11448-rumah-dijual-dekat-upn-veteran-jakarta-one-belpark-mall-pasar-pondok-labu-rs-prikasih-sma-negeri-34-jakarta,"Kota Jakarta Selatan, Dki Jakarta",Rp 2.2 Milliar
https://www.properti123.com/properti-jual/11445-rumah-strategis-bebas-banjir-pondok-kelapa-indah-jak-tim,"Kota Jakarta Timur, Dki Jakarta",Rp 1.75 Milliar
https://www.properti123.com/properti-jual/11442-dijual-murah-rumah-cluster-kahfi-1-jagakarsa-jakarta-selatan,"Kota Jakarta Selatan, Dki Jakarta",Rp 1.3 Milliar
https://www.properti123.com/properti-jual/11439-dijual-murah-rumah-classic-modern-di-kahfi-2-jagakarsa-jakarta-selatan,"Kota Jakarta Selatan, Dki Jakarta",Rp 1.7 Milliar
https://www.properti123.com/properti-jual/11437-dijual-rumah-non-cluster-di-cipedak-jagakarsa-jakarta-selatan,"Kota Jakarta Selatan, Dki Jakarta",Rp 675 Juta
https://www.properti123.com/properti-jual/11432-dijual-rumah-classic-eropa-ada-kolam-renang-di-jln-kebagusan-jakarta-selatan,"Kota Jakarta Selatan, Dki Jakarta",Rp 2.85 Milliar
https://www.properti123.com/properti-jual/11426-dijual-murah-rumah-cluster-cozy-house-srengseng-sawah-jagakarsa-jakarta-selatan,"Kota Jakarta Selatan, Dki Jakarta",Rp 875 Juta
https://www.properti123.com/properti-jual/11418-dijual-rumah-di-jln-walet-tipar-selatan-semper-jakarta-utara,"Kota Jakarta Utara, Dki Jakarta",Rp 1.1 Milliar
https://www.properti123.com/properti-jual/11412-dijual-murah-rumah-cluster-meinhaus-jagakarsa-jakarta-selatan,"Kota Jakarta Selatan, Dki Jakarta",Rp 2.3 Milliar
https://www.properti123.com/properti-jual/11407-dijual-murah-rumah-cluster-di-warung-sila-jagakarsa-jakarta-selatan,"Kota Jakarta Selatan, Dki Jakarta",Rp 925 Juta
https://www.properti123.com/properti-jual/11403-dijual-murah-rumah-cluster-kahfi-1-jagakarsa-jakarta-selatan,"Kota Jakarta Selatan, Dki Jakarta",Rp 1.3 Milliar
https://www.properti123.com/properti-jual/11400-rumah-dijual-di-jl-moh-kahfi-jakarta-selatan-dekat-ui-depok-tol-desari-sma-negeri-97-jakarta-rsu-andhika-ciganjur,"Kota Jakarta Selatan, Dki Jakarta",Rp 3 Milliar
https://www.properti123.com/properti-jual/11399-dijual-murah-rumah-cluster-the-cozy-house-palem-2-jln-kahfi-1-jagakarsa-jakarta-selatan,"Kota Jakarta Selatan, Dki Jakarta",Rp 950 Juta
https://www.properti123.com/properti-jual/11398-dijual-termurah-rumah-cluster-di-kahfi-1-jagakarsa-jakarta-selatan,"Kota Jakarta Selatan, Dki Jakarta",Rp 1.45 Milliar
https://www.properti123.com/properti-jual/11397-dijual-rumah-di-jln-pinang-barat-1-pondok-labu-cilandak-jakarta-selatan,"Kota Jakarta Selatan, Dki Jakarta",Rp 2.8 Milliar
https://www.properti123.com/properti-jual/11394-dijual-rumah-belakang-kampus-upn-veteran-jakarta-dekat-perbatasan-ke-depok-cinere-dan-pamulang,"Kota Jakarta Selatan, Dki Jakarta",Rp 4.5 Milliar
https://www.properti123.com/properti-jual/11392-rumah-mewah-ada-kolam-renang-di-kebagusan-jakarta-selatan,"Kota Jakarta Selatan, Dki Jakarta",Rp 2.85 Milliar
https://www.properti123.com/properti-jual/11384-dijual-murah-rumah-second-cluster-green-kebagusan-jagakarsa-jakarta-selatan,"Kota Jakarta Selatan, Dki Jakarta",Rp 1.55 Milliar
https://www.properti123.com/properti-jual/11353-dijual-murah-rumah-non-cluster-di-jagakarsa-jakarta-selatan,"Kota Jakarta Selatan, Dki Jakarta",Rp 1.2 Milliar
https://www.properti123.com/properti-jual/11351-dijual-murah-rumah-baru-di-kebagusan-dekat-ragunan-jakarta-selatan,"Kota Jakarta Selatan, Dki Jakarta",Rp 495 Juta
https://www.properti123.com/properti-jual/11347-rumah-mewah-di-kawasan-elite-pondok-indah-jakarta-selatan,"Kota Jakarta Selatan, Dki Jakarta",Rp 80 Milliar
https://www.properti123.com/properti-jual/11345-dijual-murah-rumah-cluster-minimalis-di-tanjung-barat-jakarta-selatan,"Kota Jakarta Selatan, Dki Jakarta",Rp 1.25 Milliar
https://www.properti123.com/properti-jual/11331-dijual-rumah-di-jln-walet-tipar-selatan-semper-jakarta-utara,"Kota Jakarta Utara, Dki Jakarta",Rp 1.1 Milliar
https://www.properti123.com/properti-jual/11329-dijual-murah-rumah-cluster-cozy-house-srengseng-sawah-jagakarsa-jakarta-selatan,"Kota Jakarta Selatan, Dki Jakarta",Rp 875 Juta
https://www.properti123.com/properti-jual/11325-dijual-murah-rumah-cluster-cozy-house-srengseng-sawah-jagakarsa-jakarta-selatan,"Kota Jakarta Selatan, Dki Jakarta",Rp 950 Juta
https://www.properti123.com/properti-jual/11318-dijual-murah-rumah-second-cluster-green-kebagusan,"Kota Jakarta Selatan, Dki Jakarta",Rp 1.55 Milliar
https://www.properti123.com/properti-jual/11316-dijual-rumah-di-jln-pinang-barat-1-pondok-labu-cilandak-jakarta-selatan,"Kota Jakarta Selatan, Dki Jakarta",Rp 2.8 Milliar
https://www.properti123.com/properti-jual/11310-di-jual-murah-rumah-cluster-cozy-house-jl-palem-2-jagakarsa,"Kota Jakarta Selatan, Dki Jakarta",Rp 950 Juta
https://www.properti123.com/properti-jual/11297-dijual-murah-rumah-cluster-di-warung-sila-jagakarsa-jakarta-selatan,"Kota Jakarta Selatan, Dki Jakarta",Rp 925 Juta
https://www.properti123.com/properti-jual/11294-dijual-murah-rumah-baru-di-kebagusan-dekat-ragunan-jakarta-selatan,"Kota Jakarta Selatan, Dki Jakarta",Rp 495 Juta
https://www.properti123.com/properti-jual/11292-dijual-murah-rumah-cluster-meinhaus-jagakarsa-jakarta-selatan,"Kota Jakarta Selatan, Dki Jakarta",Rp 2.3 Milliar
https://www.properti123.com/properti-jual/11283-dijual-murah-rumah-non-cluster-di-jagakarsa-jakarta-selatan,"Kota Jakarta Selatan, Dki Jakarta",Rp 1.2 Milliar
https://www.properti123.com/properti-jual/11280-rumah-second-cluster-green-kebagusan-jagakarsa-jakarta-selatan,"Kota Jakarta Selatan, Dki Jakarta",Rp 1.55 Milliar
https://www.properti123.com/properti-jual/11275-dijual-rumah-di-jln-pinang-barat-1-pondok-labu-cilandak-jakarta-selatan,"Kota Jakarta Selatan, Dki Jakarta",Rp 2.8 Milliar
https://www.properti123.com/properti-jual/11273-dijual-murah-rumah-cluster-the-cozy-house-palem-2-jln-kahfi-1-jagakarsa-jakarta-selatan,"Kota Jakarta Selatan, Dki Jakarta",Rp 950 Juta
https://www.properti123.com/properti-jual/11269-di-jual-rumah-di-bawah-harga-njopdi-pancoran-jakarta-selatan,"Kota Jakarta Selatan, Dki Jakarta",Rp 25 Milliar
https://www.properti123.com/properti-jual/11268-dijual-murah-rumah-cluster-meinhaus-jagakarsa-jakarta-selatan,"Kota Jakarta Selatan, Dki Jakarta",Rp 2.3 Milliar
https://www.properti123.com/properti-jual/11264-rumah-mewah-dekat-ragunan-jakarta-selatan,"Kota Jakarta Selatan, Dki Jakarta",Rp 2.2 Milliar
https://www.properti123.com/properti-jual/11259-rumah-minimalis-2-lantai-di-jl-raisan-dekat-tol-brigif-jagakarsa,"Kota Jakarta Selatan, Dki Jakarta",Rp 950 Juta
https://www.properti123.com/properti-jual/11258-dijual-rumah-kost-23-kamar-dekat-rsud-kalideres-rs-mitra-keluarga-kalideres-mall-matahari-daan-mogot,"Kota Jakarta Barat, Dki Jakarta",Rp 4.5 Milliar
https://www.properti123.com/properti-jual/11256-dijual-termurah-rumah-cluster-kebagusan-dekat-ragunan-jakarta-selatan,"Kota Jakarta Selatan, Dki Jakarta",Rp 1.85 Milliar
https://www.properti123.com/properti-jual/11244-rumah-minimalis-2-lantai-di-jl-timbul-jagakarsa,"Kota Jakarta Selatan, Dki Jakarta",Rp 950 Juta
https://www.properti123.com/properti-jual/11242-turun-harga-rumah-lokasi-strategis-di-ciganjur-jagakarsa-jaksel,"Kota Jakarta Selatan, Dki Jakarta",Rp 799 Juta
https://www.properti123.com/properti-jual/11236-rumah-semi-furnished-termurah-di-jagakarsa-jakarta-selatan,"Kota Jakarta Selatan, Dki Jakarta",Rp 2.03 Milliar
https://www.properti123.com/properti-jual/11234-rumah-fully-furnished-di-jagakarsa-murah-banget,"Kota Jakarta Selatan, Dki Jakarta",Rp 1.85 Milliar
https://www.properti123.com/properti-jual/11224-dijual-rumah-cluster-di-kav-a-jln-panjang-kahfi-1-jagakarsa-jakarta-selatan,"Kota Jakarta Selatan, Dki Jakarta",Rp 1.98 Milliar
https://www.properti123.com/properti-jual/11220-rumah-secondary-di-cipedak-jagakarsa,"Kota Jakarta Selatan, Dki Jakarta",Rp 795 Juta
https://www.properti123.com/properti-jual/11219-dijual-murah-rumah-cluster-aselih-jagakarsa-jakarta-selatan,"Kota Jakarta Selatan, Dki Jakarta",Rp 1.56 Milliar
https://www.properti123.com/properti-jual/11212-townhouse-mewah-di-pejaten-jakarta-selatan,"Kota Jakarta Selatan, Dki Jakarta",Rp 3.15 Milliar
https://www.properti123.com/properti-jual/11203-rumah-di-jual-di-moch-kahfi-1-jgakarsa,"Kota Jakarta Selatan, Dki Jakarta",Rp 1.8 Milliar
https://www.properti123.com/properti-jual/11181-dijual-murah-rumah-cluster-di-cipedak-jagakarsa-jakarta-selatan,"Kota Jakarta Selatan, Dki Jakarta",Rp 795 Juta
https://www.properti123.com/properti-jual/11179-rumah-minimalis-di-cipedak-jagakarsa-jakarta-selatan,"Kota Jakarta Selatan, Dki Jakarta",Rp 675 Juta
https://www.properti123.com/properti-jual/11172-dijual-rumah-mewah-cluster-pejaten-pasar-minggu-jakarta-selatan,"Kota Jakarta Selatan, Dki Jakarta",Rp 2.15 Milliar
https://www.properti123.com/properti-jual/11171-rumah-di-jual-dengan-private-pool-di-kebagusan-jakarta-selatan,"Kota Jakarta Selatan, Dki Jakarta",Rp 2.85 Milliar
https://www.properti123.com/properti-jual/11170-dijual-rumah-mewah-cluster-pejaten-pasar-minggu-jakarta-selatan,"Kota Jakarta Selatan, Dki Jakarta",Rp 3.15 Milliar
https://www.properti123.com/properti-jual/11141-rumah-minimalis-dekat-tol-desari-srengseng-sawah-jagakarsa,"Kota Jakarta Selatan, Dki Jakarta",Rp 1.15 Milliar
https://www.properti123.com/properti-jual/11140-dijual-rumah-cluster-di-srengseng-sawah-jagakarsa-jakarta-selatan,"Kota Jakarta Selatan, Dki Jakarta",Rp 1.34 Milliar
https://www.properti123.com/properti-jual/11135-rumah-2-lantai-minimalis-dekat-tol-brigif-jagakarsa,"Kota Jakarta Selatan, Dki Jakarta",Rp 1.35 Milliar
https://www.properti123.com/properti-jual/11131-dijual-rumah-non-cluster-di-jln-timbul-jagakarsa-jakarta-selatan,"Kota Jakarta Selatan, Dki Jakarta",Rp 950 Juta
https://www.properti123.com/properti-jual/11130-jual-rumah-cluster-3-lantai-perumahan-bukit-podomoro-jakarta-timur,"Kota Jakarta Timur, Dki Jakarta",Rp 3.9 Milliar
https://www.properti123.com/properti-jual/11129-dijual-rumah-murah-cluster-scandi-house-9-di-jagakarsa-jakarta-selatan,"Kota Jakarta Selatan, Dki Jakarta",Rp 1.85 Milliar
https://www.properti123.com/properti-jual/11126-rumah-di-jual-non-cluster-dekat-tol-brigif-jagakarsa,"Kota Jakarta Selatan, Dki Jakarta",Rp 1.35 Milliar
https://www.properti123.com/properti-jual/11124-jual-cepat-lokasi-strategis-untuk-usaha-atau-tinggal,"Kota Jakarta Timur, Dki Jakarta",Rp 6 Milliar
https://www.properti123.com/properti-jual/11122-dijual-murah-rumah-cluster-di-warung-sila-jagakarsa-jakarta-selatan,"Kota Jakarta Selatan, Dki Jakarta",Rp 1.35 Milliar
https://www.properti123.com/properti-jual/11119-dijual-murah-rumah-cluster-modern-minimalis-cluster-di-kebagusan-jakarta-selatan,"Kota Jakarta Selatan, Dki Jakarta",Rp 1.75 Milliar
https://www.properti123.com/properti-jual/11118-rumah-di-jual-non-cluster-jl-sirsak-jagakarsa-nyaman-dan-aman,"Kota Jakarta Selatan, Dki Jakarta",Rp 1.5 Milliar
https://www.properti123.com/properti-jual/11115-dijual-rumah-baru-non-cluster-di-jln-sirsak-jagakarsa-jakarta-selatan,"Kota Jakarta Selatan, Dki Jakarta",Rp 1.5 Milliar
https://www.properti123.com/properti-jual/11099-dijual-termurah-rumah-non-cluster-di-aselih-jagakarsa-jakarta-selatan,"Kota Jakarta Selatan, Dki Jakarta",Rp 1.65 Milliar
https://www.properti123.com/properti-sewa/11093-rumah-kontrakan-dekat-rsud-matraman-rscm-stasiun-manggarai-pasar-pramuka-gramedia-matraman,"Kota Jakarta Timur, Dki Jakarta",Rp 50 Juta
https://www.properti123.com/properti-jual/11091-dijual-rumah-non-cluster-di-cipedak-jagakarsa-jakarta-selatan,"Kota Jakarta Selatan, Dki Jakarta",Rp 675 Juta
https://www.properti123.com/properti-jual/11090-dijual-murah-rumah-cluster-classic-minimalis-di-tanjung-barat-jakarta-selatan,"Kota Jakarta Selatan, Dki Jakarta",Rp 1.3 Milliar
https://www.properti123.com/properti-jual/11086-dijual-murah-rumah-classic-modern-di-kahfi-2-jagakarsa-jakarta-selatan,"Kota Jakarta Selatan, Dki Jakarta",Rp 1.7 Milliar
https://www.properti123.com/properti-jual/11078-dijual-rumah-non-cluster-di-cipedak-jagakarsa-jakarta-selatan,"Kota Jakarta Selatan, Dki Jakarta",Rp 675 Juta
https://www.properti123.com/properti-jual/11077-dijual-rumah-classic-eropa-ada-kolam-renang-di-jln-kebagusan-jakarta-selatan,"Kota Jakarta Selatan, Dki Jakarta",Rp 2.85 Milliar
https://www.properti123.com/properti-jual/11071-dijual-disewakan-apartment-menteng-park,"Kota Jakarta Pusat, Dki Jakarta",Rp 2.8 Milliar
https://www.properti123.com/properti-jual/11012-rumah-baru-gress-hadap-selatan-3kt-di-tanjung-duren-jakarta-barat,"Kota Jakarta Barat, Dki Jakarta",Rp 1.3 Milliar
https://www.properti123.com/properti-jual/11007-rumah-dijual-di-cengkareng-dekat-garuda-indonesia-training-center-mall-puri-indah-lippo-mall-puri-stt-pln,"Kota Jakarta Barat, Dki Jakarta",Rp 4.5 Milliar
https://www.properti123.com/properti-jual/11001-rumah-luxury-classic-modern-di-kahfi-2-jagakarsa-jakarta-selatan,"Kota Jakarta Selatan, Dki Jakarta",Rp 1.7 Milliar
https://www.properti123.com/properti-jual/10979-dijual-disewakan-rumah-cilandak-murah-lokasi-strategis-fasilitas-lengkap,"Kota Jakarta Selatan, Dki Jakarta",Rp 10.5 Milliar
https://www.properti123.com/properti-jual/10837-dijual-rumah-di-grogol-jakarta-barat,"Kota Jakarta Barat, Dki Jakarta",Rp 3 Milliar
https://www.properti123.com/properti-jual/10825-dijual-rumah-baru-non-cluster-di-jln-sirsak-jagakarsa-jakarta-selatan,"Kota Jakarta Selatan, Dki Jakarta",Rp 1.5 Milliar
https://www.properti123.com/properti-jual/10824-dijual-murah-rumah-cluster-modern-minimalis-cluster-di-kebagusan-jakarta-selatan,"Kota Jakarta Selatan, Dki Jakarta",Rp 1.9 Milliar
https://www.properti123.com/properti-jual/10823-dijual-murah-rumah-cluster-minimalis-di-tanjung-barat-jakarta-selatan,"Kota Jakarta Selatan, Dki Jakarta",Rp 1.25 Milliar
https://www.properti123.com/properti-jual/10822-dijual-murah-rumah-cluster-classic-minimalis-di-tanjung-barat-jakarta-selatan,"Kota Jakarta Selatan, Dki Jakarta",Rp 1.35 Milliar
https://www.properti123.com/properti-jual/10788-dijual-kos-strategis-di-jakarta-pusat,"Kota Jakarta Pusat, Dki Jakarta",Rp 3.9 Milliar
https://www.properti123.com/properti-jual/10762-dijual-rumah-2-lantai-semi-furnished-puri-kencana-2-kebagusan,"Kota Jakarta Selatan, Dki Jakarta",Rp 2.3 Milliar
https://www.properti123.com/properti-jual/10722-dijual-rumah-mewah-di-pondok-indah,"Kota Jakarta Selatan, Dki Jakarta",Rp 14 Milliar
https://www.properti123.com/properti-jual/10717-rumah-akses-stasiun-mrt-lebak-bulus-di-jakarta-selatan,"Kota Jakarta Selatan, Dki Jakarta",Rp 1.65 Milliar
https://www.properti123.com/properti-jual/10716-rumah-hunian-keluarga-dekat-gatot-subroto-jakarta-selatan,"Kota Jakarta Selatan, Dki Jakarta",Rp 3.45 Milliar
https://www.properti123.com/properti-jual/10683-dijual-rumah-cluster-di-jalan-raya-sadar-jagakarsa-jakarta-selatan,"Kota Jakarta Selatan, Dki Jakarta",Rp 1.35 Milliar
https://www.properti123.com/properti-jual/10674-dijual-rumah-mewah-di-kebayoran-lama-jaksel,"Kota Jakarta Selatan, Dki Jakarta",Rp 23 Milliar
https://www.properti123.com/properti-jual/10660-jual-rumah-di-matraman-dekat-kampus-unj-uij-bpkp-bnpb-rs-persahabatan-rs-carolus-rscm-arion-mall,"Kota Jakarta Timur, Dki Jakarta",Rp 1.49 Milliar
https://www.properti123.com/properti-jual/10652-jual-bangunan-hitung-tanah-untuk-kosan-gudang-dekat-plaza-indonesia,"Kota Jakarta Pusat, Dki Jakarta",Rp 3.9 Milliar
https://www.properti123.com/properti-jual/10637-dijual-murah-kosan-di-kramat-jati,"Kota Jakarta Timur, Dki Jakarta",Rp 19 Milliar
https://www.properti123.com/properti-jual/10633-dijual-rumah-full-furnished-di-kebagusan-raya-jagakarsa-jakarta-selatan,"Kota Jakarta Selatan, Dki Jakarta",Rp 1.75 Milliar
https://www.properti123.com/properti-jual/10597-jual-rumah-di-utan-kayu-jakarta-timur-dekat-ui-salemba-kampus-unj-uij-rsud-matraman-pasar-pramuka,"Kota Jakarta Timur, Dki Jakarta",Rp 3.2 Milliar
https://www.properti123.com/properti-jual/10582-dijual-cepat-rumah-lokasi-srategis-dekat-universitas-binus,"Kota Jakarta Barat, Dki Jakarta",Rp 6 Milliar
https://www.properti123.com/properti-jual/10564-jual-cepat-rumah-pinggir-jalan-di-kemanggisan-dekat-universitas-binus,"Kota Jakarta Barat, Dki Jakarta",Rp 900 Juta
https://www.properti123.com/properti-jual/10543-dijual-cepat-rumah-cluster-minimalist-ayalis-residence-menteng-jakarta-pusat,"Kota Jakarta Pusat, Dki Jakarta",Rp 736 Juta
https://www.properti123.com/properti-jual/10441-rumah-bagus-siap-huni-jalan-gurame-rawamangun-jakarta-timur,"Kota Jakarta Timur, Dki Jakarta",Rp 8.9 Milliar
https://www.properti123.com/properti-jual/10420-dijual-rumah-mewah-murah-di-jakarta-selatan,"Kota Jakarta Selatan, Dki Jakarta",Rp 11.5 Milliar
https://www.properti123.com/properti-jual/10402-dijual-rumah-nyaman-siap-huni,"Kota Jakarta Selatan, Dki Jakarta",Rp 4.5 Milliar
https://www.properti123.com/properti-jual/10280-jual-rumah-di-pasar-minggu-dekat-stasiun-pasar-minggu-universitas-nasional-dan-rsud-jati-padang,"Kota Jakarta Selatan, Dki Jakarta",Rp 4.8 Milliar
https://www.properti123.com/properti-jual/10206-dijual-rumah-baru-siap-huni-di-komplek-tebet-barat,"Kota Jakarta Selatan, Dki Jakarta",Rp 7.95 Milliar
https://www.properti123.com/properti-jual/10204-dijual-rumah-cluster-kav-c-srengseng-sawah-jagakarsa,"Kota Jakarta Selatan, Dki Jakarta",Rp 1.34 Milliar
https://www.properti123.com/properti-jual/10181-jual-rumah-di-cempaka-putih-dekat-universitas-yarsi-rs-yarsi-bpom-ri-dan-percetakan-negara,"Kota Jakarta Pusat, Dki Jakarta",Rp 1.2 Milliar
https://www.properti123.com/properti-jual/10122-rumah-baru-bebas-banjir-4kt-di-green-garden-jakarta-barat,"Kota Jakarta Barat, Dki Jakarta",Rp 3.6 Milliar
https://www.properti123.com/properti-sewa/10119-rumah-bagus-lokasi-strategis-3kt-di-green-village-jakarta-barat,"Kota Jakarta Barat, Dki Jakarta",Rp 68 Juta
https://www.properti123.com/properti-jual/10096-jual-rumah-kost-22-kamar-dekat-binus-plaza-slipi-jaya-rumah-sakit-patria-ikkt-dan-pasar-slipi,"Kota Jakarta Barat, Dki Jakarta",Rp 14.5 Milliar
https://www.properti123.com/properti-jual/10080-dijual-murah-rumah-baru-di-komplek-di-tebet-barat-jakarta-selatan,"Kota Jakarta Selatan, Dki Jakarta",Rp 7.95 Milliar
https://www.properti123.com/properti-jual/9995-turun-harga-jual-cepat-rumah-2-lantai-di-taman-kedoya-baru-jakarta-barat,"Kota Jakarta Barat, Dki Jakarta",Rp 8 Milliar
https://www.properti123.com/properti-jual/9993-jual-rumah-bagus-daerah-kedoya-prisma-kebon-jeruk-jakarta-barat,"Kota Jakarta Barat, Dki Jakarta",Rp 5.3 Milliar
https://www.properti123.com/properti-jual/9941-promo-awal-tahun-new-brand-rumah-cluster-taman-yunani-kebayoran-baru-jakarta-selatan,"Kota Jakarta Selatan, Dki Jakarta",Rp 4.7 Milliar
https://www.properti123.com/properti-jual/9940-rumah-siap-huni-perumahan-pulo-gebang-permai-cakung-jakarta-timur,"Kota Jakarta Timur, Dki Jakarta",Rp 1.25 Milliar
https://www.properti123.com/properti-jual/9927-dijual-rumah-3-lantai-di-penjaringan-jakarta-utara,"Kota Jakarta Utara, Dki Jakarta",Rp 650 Juta
https://www.properti123.com/properti-sewa/9904-semi-furnished-bagus,"Kota Jakarta Selatan, Dki Jakarta",Rp 120 Juta
https://www.properti123.com/properti-jual/9889-buruan-di-booking-townhouse-full-furnish-di-meruya-jakarta-barat-tinggal-2-unit-lg,"Kota Jakarta Barat, Dki Jakarta",Rp 6 Milliar
https://www.properti123.com/properti-jual/9775-dijual-rumah-di-perumahan-jln-pulo-indah-petukangan-selatan-jakarta-selatan,"Kota Jakarta Selatan, Dki Jakarta",Rp 2.2 Milliar
https://www.properti123.com/properti-jual/9760-rumah-minimalis-di-pejaten-timur-pasar-minggu-jakarta-selatan,"Kota Jakarta Selatan, Dki Jakarta",Rp 950 Juta
https://www.properti123.com/properti-jual/9729-rumah-murah-bonus-tanah-200-m2-di-pondok-indah-siap-huni-hanya-7-9-m-nego,"Kota Jakarta Selatan, Dki Jakarta",Rp 7.9 Milliar
https://www.properti123.com/properti-jual/9726-dijual-cepat-rumah-hook-di-jln-raya-amil-pejaten-barat-jakarta-selatan,"Kota Jakarta Selatan, Dki Jakarta",Rp 4.6 Milliar
https://www.properti123.com/properti-jual/9724-cluster-baru-murah-di-kawasan-perbatasan-rempoa-jakarta-selatan-hanya-2-2-m-an,"Kota Jakarta Selatan, Dki Jakarta",$ 2.29 Milliar
https://www.properti123.com/properti-jual/9716-rumah-cantik-murah-dekat-toll-veteran-bintaro-jakarta-selatan-hanya-2-4-m-nego,"Kota Jakarta Selatan, Dki Jakarta",Rp 2.4 Milliar
https://www.properti123.com/properti-jual/9689-jual-rumah-dibelakang-kfc-duren-sawit-dekat-sman-50-stasiun-jatinegara-dan-mall-bassura,"Kota Jakarta Timur, Dki Jakarta",Rp 450 Juta
https://www.properti123.com/properti-jual/9675-sisa-1-unit-lagi-townhouse-mewah-untuk-para-sultan-di-meruya-jakarta-barat-harga-6-m-sj,"Kota Jakarta Barat, Dki Jakarta",Rp 6 Milliar
https://www.properti123.com/properti-jual/9672-dijual-rumah-seken-dan-murah-di-kawasan-pancoran-cocok-untuk-kos-kosan-hanya-5-5-m-sj,"Kota Jakarta Selatan, Dki Jakarta",Rp 5.5 Milliar
https://www.properti123.com/properti-jual/9668-dijual-cepat-kos-kosan-murah-full-furnish-di-daerah-arteri-pondok-indah-hanya-6-5-milyar-nego,"Kota Jakarta Selatan, Dki Jakarta",Rp 6.5 Milliar
https://www.properti123.com/properti-jual/9667-rumah-murah-di-bintaro-sektor-1-jakarta-selatan,"Kota Jakarta Selatan, Dki Jakarta",Rp 3.5 Milliar
https://www.properti123.com/properti-jual/9643-rumah-brand-new-perumahan-pulo-gebang-permai-cakung-jakarta-timur,"Kota Jakarta Timur, Dki Jakarta",Rp 1.2 Milliar
https://www.properti123.com/properti-jual/9621-rumah-mewah-tanah-200-m2-di-pondok-indah-siap-huni-hanya-7-9-m-nego-sampe-deal,"Kota Jakarta Selatan, Dki Jakarta",Rp 7.9 Milliar
https://www.properti123.com/properti-jual/9617-dijual-cepat-cluster-murah-di-kawasan-rempoa-jakarta-selatan-mulai-dari-2-2-m-an,"Kota Jakarta Selatan, Dki Jakarta",Rp 2.29 Milliar
https://www.properti123.com/properti-jual/9564-dijual-murah-rumah-non-cluster-di-srengseng-sawah-jagakarsa-jakarta-selatan,"Kota Jakarta Selatan, Dki Jakarta",Rp 1.55 Milliar
https://www.properti123.com/properti-jual/9542-rumah-murah-tanah-236-m2-dikawasan-petukangan-utara-ada-rumah-kios-didepan,"Kota Jakarta Selatan, Dki Jakarta",Rp 3.6 Milliar
https://www.properti123.com/properti-jual/9536-cluster-baru-di-kawasan-komersil-bangka-siap-nego-full-furnish-mulai-dari-4-9-m-sj,"Kota Jakarta Selatan, Dki Jakarta",Rp 4.9 Milliar
https://www.properti123.com/properti-jual/9532-dijual-murah-rumah-baru-di-simprug-kebayoran-lama-jakarta-selatan,"Kota Jakarta Selatan, Dki Jakarta",Rp 4.8 Milliar
https://www.properti123.com/properti-jual/9504-rumah-kost-20kt-di-tanjung-duren-jakarta-barat,"Kota Jakarta Barat, Dki Jakarta",Rp 3.6 Milliar
https://www.properti123.com/properti-jual/9503-rumah-hadap-selatan-3kt-di-tanjung-duren-jakarta-barat,"Kota Jakarta Barat, Dki Jakarta",Rp 1.33 Milliar
https://www.properti123.com/properti-jual/9495-kos-kosan-cantik-dekat-kampus-sahid-di-tebet-hanya-7-m-an-saja,"Kota Jakarta Selatan, Dki Jakarta",Rp 7.35 Milliar
https://www.properti123.com/properti-jual/9481-dijual-rumah-termurah-ada-kolam-renang-di-jagakarsa-jakarta-selatan,"Kota Jakarta Selatan, Dki Jakarta",Rp 1.35 Milliar
https://www.properti123.com/properti-jual/9479-rumah-kost-22kt-di-grogol-jakarta-barat,"Kota Jakarta Barat, Dki Jakarta",Rp 4.75 Milliar
https://www.properti123.com/properti-jual/9466-rumah-kos-kosan-murah-fully-furnish-didaerah-gajah-mada-kota-siap-nego-hanya-5-3-m,"Kota Jakarta Pusat, Dki Jakarta",Rp 5.3 Milliar
https://www.properti123.com/properti-jual/9438-dijual-rumah-cluster-villa-ribera-srengseng-sawah-jagakarsa-jakarta-selatan,"Kota Jakarta Selatan, Dki Jakarta",Rp 1.33 Milliar
https://www.properti123.com/properti-jual/9421-rumah-seken-cocok-untuk-kos-kosan-di-pancoran-jakarta-selatan,"Kota Jakarta Selatan, Dki Jakarta",Rp 5.5 Milliar
https://www.properti123.com/properti-jual/9405-dijual-rumah-2-lantai-di-lubang-buaya-cipayung-kota-jakarta-timur,"Kota Jakarta Timur, Dki Jakarta",Rp 1.7 Milliar
https://www.properti123.com/properti-jual/9400-dijual-rumah-kost-strategis-di-meruya-selatan,"Kota Jakarta Barat, Dki Jakarta",Rp 1 Milliar
https://www.properti123.com/properti-jual/9368-dijual-rumah-2-lantai-di-perumahan-kelapa-gading-permai-sumarecon-jakarta-utara,"Kota Jakarta Utara, Dki Jakarta",Rp 6.5 Milliar
https://www.properti123.com/properti-jual/9355-rumah-bagus-4kt-di-puri-kencana-jakarta-barat,"Kota Jakarta Barat, Dki Jakarta",Rp 4.8 Milliar
https://www.properti123.com/properti-jual/9349-dijual-rumah-siap-huni-di-jln-samali-pejaten-barat-jakarta-selatan,"Kota Jakarta Selatan, Dki Jakarta",Rp 4.8 Milliar
https://www.properti123.com/properti-jual/9291-rumah-2kt-di-duri-kepa-jakarta-barat,"Kota Jakarta Barat, Dki Jakarta",Rp 2.1 Milliar
https://www.properti123.com/properti-jual/9289-rumah-hadap-timur-4kt-di-tanjung-duren-jakarta-barat,"Kota Jakarta Barat, Dki Jakarta",Rp 2.25 Milliar
https://www.properti123.com/properti-jual/9261-rumah-kos-kosan-murah-di-tebet-3-lantai-full-penyewa-hanya-7-350-m-sj,"Kota Jakarta Selatan, Dki Jakarta",Rp 7.35 Milliar
https://www.properti123.com/properti-jual/9243-mini-cluster-mewah-di-kawasan-perkantoran-bangka-jak-sel-mulai-dari-4-9-milyar-nego,"Kota Jakarta Selatan, Dki Jakarta",Rp 4.9 Milliar
https://www.properti123.com/properti-sewa/9239-disewakan-rumah-besar-sangat-strategis-di-cipinang-rawamangun-jantung-kota-jaktim-dekat-rsud-persahabatan,"Kota Jakarta Timur, Dki Jakarta",$ 3.33 Juta
https://www.properti123.com/properti-jual/9195-dijual-rumah-mewah-design-american-classic-ada-kolam-renang-di-jagakarsa-jakarta-selatan,"Kota Jakarta Selatan, Dki Jakarta",Rp 5.5 Milliar
https://www.properti123.com/properti-jual/9169-rumah-strategis-siap-huni-jalan-gurame-rawamangun-jakarta-timur,"Kota Jakarta Timur, Dki Jakarta",Rp 7.6 Milliar
https://www.properti123.com/properti-jual/9154-mini-cluster-baru-murah-di-petukangan-jakarta-selatan-hanya-1-5-m-nego,"Kota Jakarta Selatan, Dki Jakarta",Rp 1.5 Milliar
https://www.properti123.com/properti-jual/9152-dijual-rumah-second-dalam-cluster-di-cipedak-jagakarsa-jakarta-selatan,"Kota Jakarta Selatan, Dki Jakarta",Rp 875 Juta
https://www.properti123.com/properti-jual/9125-dijual-murah-rumah-kost-di-guntur-setiabudi-jakarta-selatan,"Kota Jakarta Selatan, Dki Jakarta",Rp 12 Milliar
https://www.properti123.com/properti-jual/9124-rumah-murah-dihitung-tanah-saja-di-dekat-bintaro-sektor-1-jakarta-selatan,"Kota Jakarta Selatan, Dki Jakarta",Rp 1.6 Milliar
https://www.properti123.com/properti-jual/9115-cluster-mewah-di-kawasan-komersil-bangka-jakarta-selatan-mulai-dari-4-9-m,"Kota Jakarta Selatan, Dki Jakarta",Rp 4.9 Milliar
https://www.properti123.com/properti-jual/9111-jual-cepat-bu-rumah-secondary-daerah-setia-budi-dekat-menteng,"Kota Jakarta Selatan, Dki Jakarta",Rp 12 Milliar
https://www.properti123.com/properti-jual/9109-rumah-seken-cocok-untuk-kos-kosan-kondisi-terawat-di-kawasan-komersil-pancoran,"Kota Jakarta Selatan, Dki Jakarta",Rp 5.5 Milliar
https://www.properti123.com/properti-sewa/9058-sewa-rumah-di-mangga-besar-dekat-stasiun-mangga-besar-gajah-mada-plaza-dan-ltc-glodok,"Kota Jakarta Barat, Dki Jakarta",Rp 56 Juta
https://www.properti123.com/properti-jual/9023-rumah-murah-seken-terhitung-tanah-saja-di-pesanggrahan-jakarta-selatan,"Kota Jakarta Selatan, Dki Jakarta",Rp 1.6 Milliar
https://www.properti123.com/properti-jual/9017-kos-kosan-murah-di-kawasan-perkantoran-mampang-prapatan,"Kota Jakarta Selatan, Dki Jakarta",Rp 18 Milliar
https://www.properti123.com/properti-jual/9016-kos-kosan-murah-di-kawasan-pondok-indah-jakarta-selatan-hanya-7-5-m-nego,"Kota Jakarta Selatan, Dki Jakarta",Rp 7.5 Milliar
https://www.properti123.com/properti-jual/9012-cluster-mewah-di-kawasan-perkantoran-bangka-mampang-prapatan-siap-nego-mulai-dari-4-9-milyar,"Kota Jakarta Selatan, Dki Jakarta",Rp 4.9 Milliar
https://www.properti123.com/properti-jual/8995-rumah-lama-cocok-untuk-kos-kosan-di-area-perkantoran-pancoran-jakarta-selatan,"Kota Jakarta Selatan, Dki Jakarta",Rp 5.5 Milliar
https://www.properti123.com/properti-jual/8991-kos-kosan-murah-dekat-kampus-sahid-tebet-kondisi-full-terisi-hanya-7-man,"Kota Jakarta Selatan, Dki Jakarta",Rp 7.35 Milliar
https://www.properti123.com/properti-jual/8987-rumah-seken-cantik-tanah-120-m2-di-pesanggrahan-siap-huni-hanya-1-6-m-nego,"Kota Jakarta Selatan, Dki Jakarta",Rp 1.6 Milliar
https://www.properti123.com/properti-jual/8985-rumah-keren-strategiis-5-langkah-dari-mrt-cipete-jakarta-selatan,"Kota Jakarta Selatan, Dki Jakarta",Rp 6.2 Milliar
https://www.properti123.com/properti-jual/8982-cluster-murah-di-kembangan-jakarta-barat-mulai-dari-1-7-m-an,"Kota Jakarta Barat, Dki Jakarta",Rp 1.78 Milliar
https://www.properti123.com/properti-jual/8963-rumah-mewah-dikawasan-kemang-jakarta-selatan-bonus-kolam-renang-hanya-13-5-milyar,"Kota Jakarta Selatan, Dki Jakarta",Rp 13.5 Milliar
https://www.properti123.com/properti-jual/8962-kos-kosan-murah-di-kawasan-elit-arteri-pondok-indah-siap-pakai-hanya-7-5-milyar-nego,"Kota Jakarta Selatan, Dki Jakarta",Rp 7.5 Milliar
https://www.properti123.com/properti-jual/8955-dijual-cepat-rumah-murah-terhitung-tanah-saja-di-pesanggrahan-jakarta-selatan-hanya-1-6-m-nego,"Kota Jakarta Selatan, Dki Jakarta",Rp 1.6 Milliar
https://www.properti123.com/properti-jual/8950-rumah-murah-cocok-untuk-usaha-di-petukangan-jakarta-selatan,"Kota Jakarta Selatan, Dki Jakarta",Rp 3.6 Milliar
https://www.properti123.com/properti-jual/8941-jual-rumah-kost-27-kamar-dekat-kampus-stis-rs-premier-jatinegara-dan-stasiun-jatinegara,"Kota Jakarta Timur, Dki Jakarta",Rp 5.3 Milliar
https://www.properti123.com/properti-jual/8936-dijual-murah-cluster-di-aselih-jagakarsa-jakarta-selatan,"Kota Jakarta Selatan, Dki Jakarta",Rp 2.4 Milliar
https://www.properti123.com/properti-sewa/8909-rumah-disewakan-mahogany-residence-g-22-cibubur-jakarta-timur,"Kota Jakarta Timur, Dki Jakarta",Rp 6.25 Juta
https://www.properti123.com/properti-jual/8894-dijual-murah-rumah-cluster-warung-sila-jagakarsa,"Kota Jakarta Selatan, Dki Jakarta",Rp 1.26 Milliar
https://www.properti123.com/properti-jual/8891-dijual-murah-rumah-di-pinggir-jalan-pengadegan-timur-pancoran-jakarta-selatan,"Kota Jakarta Selatan, Dki Jakarta",Rp 670 Juta
https://www.properti123.com/properti-sewa/8887-rumah-kontrakan-murah-dekat-mrt-lebak-bulus-pondok-indah-mall-dan-kampus-uin-jakarta,"Kota Tangerang Selatan, Banten",Rp 1.7 Juta
https://www.properti123.com/properti-jual/8855-dijual-murah-rumah-di-jln-sadar-jagakarsa-jakarta-selatan,"Kota Jakarta Selatan, Dki Jakarta",Rp 850 Juta
https://www.properti123.com/properti-jual/8854-dijual-murah-rumah-cluster-di-kebagusan-jakarta-selatan,"Kota Jakarta Selatan, Dki Jakarta",Rp 950 Juta
https://www.properti123.com/properti-jual/8819-rumah-murah-dibintaro-sektor-1-hanya-200-meter-ke-toll-veteran-hanya-3-5-m-sj,"Kota Jakarta Selatan, Dki Jakarta",Rp 3.5 Milliar
https://www.properti123.com/properti-jual/8818-rumah-seken-cantik-tanah-120-m2-di-pesanggrahan-siap-huni-hanya-1-6-m-nego,"Kota Jakarta Selatan, Dki Jakarta",Rp 1.6 Milliar
https://www.properti123.com/properti-jual/8770-rumah-murah-dipinggir-jalan-di-petukangan-utara-peruntukan-usaha-hanya-3-6-m-nego,"Kota Jakarta Selatan, Dki Jakarta",Rp 3.6 Milliar
https://www.properti123.com/properti-jual/8769-rumah-kos-kosan-murah-full-terisi-di-tebet-jakarta-selatan-hanya-7-milyaran-nego,"Kota Jakarta Selatan, Dki Jakarta",Rp 7.35 Milliar
https://www.properti123.com/properti-jual/8739-cluster-mewah-konsep-minimalis-di-kembangan-selatan-siap-nego-hanya-1-7-m-an,"Kota Jakarta Barat, Dki Jakarta",Rp 1.78 Milliar
https://www.properti123.com/properti-jual/8738-rumah-seken-dikawasan-komersil-hanya-400-meter-menuju-exit-toll-bandara,"Kota Jakarta Selatan, Dki Jakarta",Rp 3.6 Milliar
https://www.properti123.com/properti-jual/8737-rumah-murah-di-kawasan-bintaro-sektor-1-jakarta-selatan,"Kota Jakarta Selatan, Dki Jakarta",Rp 1.6 Milliar
https://www.properti123.com/properti-jual/8725-dijual-rumah-baru-di-lebak-bulus-cilandak-jakarta-selatan,"Kota Jakarta Selatan, Dki Jakarta",Rp 2.15 Milliar
https://www.properti123.com/properti-jual/8671-dijual-cepat-rumah-murah-daerah-rawakuning-raya-cakung-jakarta-timur,"Kota Jakarta Timur, Dki Jakarta",Rp 1.5 Milliar
https://www.properti123.com/properti-sewa/8665-sewa-murah-apartment-fontana-the-mansion-office-tower-kemayoran,"Kota Jakarta Utara, Dki Jakarta",Rp 3.5 Juta
https://www.properti123.com/properti-jual/8652-rumah-dijual-terima-kost-di-tebet-dekat-stasiun-tebet-mall-kasablanka-dan-mall-ambasador,"Kota Jakarta Selatan, Dki Jakarta",Rp 5.7 Milliar
https://www.properti123.com/properti-jual/8643-dijual-rumah-3-lantai-minimalis-5-kamar-tidur-cibubur-jakarta,"Kota Jakarta Timur, Dki Jakarta",Rp 2.25 Milliar
https://www.properti123.com/properti-sewa/8638-kos-wanita-cideng-hasyim-ashari-suryopranoto-roxy-kota,"Kota Jakarta Pusat, Dki Jakarta",Rp 1.5 Juta
https://www.properti123.com/properti-jual/8636-rumah-mewah-di-kawasan-elit-kemang-siap-huni,"Kota Jakarta Selatan, Dki Jakarta",Rp 13.5 Milliar
https://www.properti123.com/properti-jual/8634-jual-rumah-kost-50-kamar-dekat-jl-h-r-rasuna-said-kuningan-dan-dekat-mall-ambasador,"Kota Jakarta Selatan, Dki Jakarta",Rp 11.7 Milliar
